{"AC":"Ilha de Ascens\u00e3o","AD":"Andorra","AE":"Emirados \u00c1rabes Unidos","AF":"Afeganist\u00e3o","AG":"Ant\u00edgua e Barbuda","AI":"Anguilla","AL":"Alb\u00e2nia","AM":"Arm\u00eania","AN":"Antilhas Holandesas","AO":"Angola","AQ":"Ant\u00e1rtida","AR":"Argentina","AS":"Samoa Americana","AT":"\u00c1ustria","AU":"Austr\u00e1lia","AW":"Aruba","AX":"Ilhas Aland","AZ":"Azerbaij\u00e3o","BA":"B\u00f3snia-Herzegovina","BB":"Barbados","BD":"Bangladesh","BE":"B\u00e9lgica","BF":"Burquina Faso","BG":"Bulg\u00e1ria","BH":"Bahrain","BI":"Burundi","BJ":"Benin","BL":"S\u00e3o Bartolomeu","BM":"Bermudas","BN":"Brunei","BO":"Bol\u00edvia","BR":"Brasil","BS":"Bahamas","BT":"But\u00e3o","BV":"Ilha Bouvet","BW":"Botsuana","BY":"Belarus","BZ":"Belize","CA":"Canad\u00e1","CC":"Ilhas Coco","CD":"Congo-Kinshasa","CF":"Rep\u00fablica Centro-Africana","CG":"Congo - Brazzaville","CH":"Su\u00ed\u00e7a","CI":"Costa do Marfim","CK":"Ilhas Cook","CL":"Chile","CM":"Rep\u00fablica dos Camar\u00f5es","CN":"China","CO":"Col\u00f4mbia","CP":"Ilha de Clipperton","CR":"Costa Rica","CS":"S\u00e9rvia e Montenegro","CU":"Cuba","CV":"Cabo Verde","CX":"Ilhas Natal","CY":"Chipre","CZ":"Rep\u00fablica Tcheca","DE":"Alemanha","DG":"Diego Garcia","DJ":"Djibuti","DK":"Dinamarca","DM":"Dominica","DO":"Rep\u00fablica Dominicana","DZ":"Arg\u00e9lia","EA":"Ceuta e Melilha","EC":"Equador","EE":"Est\u00f4nia","EG":"Egito","EH":"Saara Ocidental","ER":"Eritreia","ES":"Espanha","ET":"Eti\u00f3pia","EU":"Uni\u00e3o Europeia","FI":"Finl\u00e2ndia","FJ":"Fiji","FK":"Ilhas Malvinas","FM":"Micron\u00e9sia","FO":"Ilhas Faroe","FR":"Fran\u00e7a","GA":"Gab\u00e3o","GB":"Reino Unido","GD":"Granada","GE":"Ge\u00f3rgia","GF":"Guiana Francesa","GG":"Guernsey","GH":"Gana","GI":"Gibraltar","GL":"Gro\u00eanlandia","GM":"G\u00e2mbia","GN":"Guin\u00e9","GP":"Guadalupe","GQ":"Guin\u00e9 Equatorial","GR":"Gr\u00e9cia","GS":"Ge\u00f3rgia do Sul e Ilhas Sandwich do Sul","GT":"Guatemala","GU":"Guam","GW":"Guin\u00e9 Bissau","GY":"Guiana","HK":"Hong Kong, Regi\u00e3o Admin. Especial da China","HM":"Ilha Heard e Ilhas McDonald","HN":"Honduras","HR":"Cro\u00e1cia","HT":"Haiti","HU":"Hungria","IC":"Ilhas Can\u00e1rias","ID":"Indon\u00e9sia","IE":"Irlanda","IL":"Israel","IM":"Ilha de Man","IN":"\u00cdndia","IO":"Territ\u00f3rio Brit\u00e2nico do Oceano \u00cdndico","IQ":"Iraque","IR":"Ir\u00e3","IS":"Isl\u00e2ndia","IT":"It\u00e1lia","JE":"Jersey","JM":"Jamaica","JO":"Jord\u00e2nia","JP":"Jap\u00e3o","KE":"Qu\u00eania","KG":"Quirguist\u00e3o","KH":"Camboja","KI":"Quiribati","KM":"Comores","KN":"S\u00e3o Cristov\u00e3o e Nevis","KP":"Coreia do Norte","KR":"Coreia do Sul","KW":"Kuwait","KY":"Ilhas Caiman","KZ":"Casaquist\u00e3o","LA":"Rep\u00fablica Popular Democr\u00e1tica do Laos","LB":"L\u00edbano","LC":"Santa L\u00facia","LI":"Liechtenstein","LK":"Sri Lanka","LR":"Lib\u00e9ria","LS":"Lesoto","LT":"Litu\u00e2nia","LU":"Luxemburgo","LV":"Let\u00f4nia","LY":"L\u00edbia","MA":"Marrocos","MC":"M\u00f4naco","MD":"Mold\u00e1via","ME":"Montenegro","MF":"S\u00e3o Martinho","MG":"Madagascar","MH":"Ilhas Marshall","MK":"Maced\u00f4nia","ML":"Mali","MM":"Mianmar [Birm\u00e2nia]","MN":"Mong\u00f3lia","MO":"Macau, Regi\u00e3o Admin. Especial da China","MP":"Ilhas Marianas do Norte","MQ":"Martinica","MR":"Maurit\u00e2nia","MS":"Montserrat","MT":"Malta","MU":"Maur\u00edcio","MV":"Maldivas","MW":"Malawi","MX":"M\u00e9xico","MY":"Mal\u00e1sia","MZ":"Mo\u00e7ambique","NA":"Nam\u00edbia","NC":"Nova Caled\u00f4nia","NE":"N\u00edger","NF":"Ilha Norfolk","NG":"Nig\u00e9ria","NI":"Nicar\u00e1gua","NL":"Holanda","NO":"Noruega","NP":"Nepal","NR":"Nauru","NU":"Niue","NZ":"Nova Zel\u00e2ndia","OM":"Om\u00e3","PA":"Panam\u00e1","PE":"Peru","PF":"Polin\u00e9sia Francesa","PG":"Papua-Nova Guin\u00e9","PH":"Filipinas","PK":"Paquist\u00e3o","PL":"Pol\u00f4nia","PM":"Saint Pierre e Miquelon","PN":"Pitcairn","PR":"Porto Rico","PS":"Territ\u00f3rios palestinos","PT":"Portugal","PW":"Palau","PY":"Paraguai","QA":"Catar","QO":"Oceania Remota","RE":"Reuni\u00e3o","RO":"Rom\u00eania","RS":"S\u00e9rvia","RU":"R\u00fassia","RW":"Ruanda","SA":"Ar\u00e1bia Saudita","SB":"Ilhas Salom\u00e3o","SC":"Seychelles","SD":"Sud\u00e3o","SE":"Su\u00e9cia","SG":"Cingapura","SH":"Santa Helena","SI":"Eslov\u00eania","SJ":"Svalbard e Jan Mayen","SK":"Eslov\u00e1quia","SL":"Serra Leoa","SM":"San Marino","SN":"Senegal","SO":"Som\u00e1lia","SR":"Suriname","ST":"S\u00e3o Tom\u00e9 e Pr\u00edncipe","SV":"El Salvador","SY":"S\u00edria","SZ":"Suazil\u00e2ndia","TA":"Trist\u00e3o da Cunha","TC":"Ilhas Turks e Caicos","TD":"Chade","TF":"Territ\u00f3rios Franceses do Sul","TG":"Togo","TH":"Tail\u00e2ndia","TJ":"Tadjiquist\u00e3o","TK":"Tokelau","TL":"Timor-Leste","TM":"Turcomenist\u00e3o","TN":"Tun\u00edsia","TO":"Tonga","TR":"Turquia","TT":"Trinidad e Tobago","TV":"Tuvalu","TW":"Taiwan","TZ":"Tanz\u00e2nia","UA":"Ucr\u00e2nia","UG":"Uganda","UM":"Ilhas Menores Distantes dos Estados Unidos","US":"Estados Unidos","UY":"Uruguai","UZ":"Uzbequist\u00e3o","VA":"Vaticano","VC":"S\u00e3o Vicente e Granadinas","VE":"Venezuela","VG":"Ilhas Virgens Brit\u00e2nicas","VI":"Ilhas Virgens dos EUA","VN":"Vietn\u00e3","VU":"Vanuatu","WF":"Wallis e Futuna","WS":"Samoa","YE":"I\u00eamen","YT":"Mayotte","ZA":"\u00c1frica do Sul","ZM":"Z\u00e2mbia","ZW":"Zimb\u00e1bue","ZZ":"Regi\u00e3o desconhecida ou inv\u00e1lida"}