{"AD":"Andorra","AE":"Vereinigte Arabische Emirate","AF":"Afghanistan","AG":"Antigua und Barbuda","AI":"Anguilla","AL":"Albanien","AM":"Armenien","AN":"Niederl\u00e4ndische Antillen","AO":"Angola","AQ":"Antarktis","AR":"Argentinien","AS":"Amerikanisch-Samoa","AT":"\u00d6sterreich","AU":"Australien","AW":"Aruba","AX":"Alandinseln","AZ":"Aserbaidschan","BA":"Bosnien und Herzegowina","BB":"Barbados","BD":"Bangladesch","BE":"Belgien","BF":"Burkina Faso","BG":"Bulgarien","BH":"Bahrain","BI":"Burundi","BJ":"Benin","BL":"St. Barth\u00e9lemy","BM":"Bermuda","BN":"Brunei Darussalam","BO":"Bolivien","BR":"Brasilien","BS":"Bahamas","BT":"Bhutan","BV":"Bouvetinsel","BW":"Botsuana","BY":"Belarus","BZ":"Belize","CA":"Kanada","CC":"Kokosinseln","CD":"Demokratische Republik Kongo","CF":"Zentralafrikanische Republik","CG":"Kongo","CH":"Schweiz","CI":"C\u00f4te d\u2019Ivoire","CK":"Cookinseln","CL":"Chile","CM":"Kamerun","CN":"China","CO":"Kolumbien","CR":"Costa Rica","CS":"Serbien und Montenegro","CU":"Kuba","CV":"Kap Verde","CX":"Weihnachtsinsel","CY":"Zypern","CZ":"Tschechische Republik","DE":"Deutschland","DJ":"Dschibuti","DK":"D\u00e4nemark","DM":"Dominica","DO":"Dominikanische Republik","DZ":"Algerien","EC":"Ecuador","EE":"Estland","EG":"\u00c4gypten","EH":"Westsahara","ER":"Eritrea","ES":"Spanien","ET":"\u00c4thiopien","FI":"Finnland","FJ":"Fidschi","FK":"Falklandinseln","FM":"Mikronesien","FO":"F\u00e4r\u00f6er","FR":"Frankreich","GA":"Gabun","GB":"Vereinigtes K\u00f6nigreich","GD":"Grenada","GE":"Georgien","GF":"Franz\u00f6sisch-Guayana","GG":"Guernsey","GH":"Ghana","GI":"Gibraltar","GL":"Gr\u00f6nland","GM":"Gambia","GN":"Guinea","GP":"Guadeloupe","GQ":"\u00c4quatorialguinea","GR":"Griechenland","GS":"S\u00fcdgeorgien und die S\u00fcdlichen Sandwichinseln","GT":"Guatemala","GU":"Guam","GW":"Guinea-Bissau","GY":"Guyana","HK":"Sonderverwaltungszone Hongkong","HM":"Heard- und McDonald-Inseln","HN":"Honduras","HR":"Kroatien","HT":"Haiti","HU":"Ungarn","ID":"Indonesien","IE":"Irland","IL":"Israel","IM":"Isle of Man","IN":"Indien","IO":"Britisches Territorium im Indischen Ozean","IQ":"Irak","IR":"Iran","IS":"Island","IT":"Italien","JE":"Jersey","JM":"Jamaika","JO":"Jordanien","JP":"Japan","KE":"Kenia","KG":"Kirgisistan","KH":"Kambodscha","KI":"Kiribati","KM":"Komoren","KN":"St. Kitts und Nevis","KP":"Demokratische Volksrepublik Korea","KR":"Republik Korea","KW":"Kuwait","KY":"Kaimaninseln","KZ":"Kasachstan","LA":"Laos","LB":"Libanon","LC":"St. Lucia","LI":"Liechtenstein","LK":"Sri Lanka","LR":"Liberia","LS":"Lesotho","LT":"Litauen","LU":"Luxemburg","LV":"Lettland","LY":"Libyen","MA":"Marokko","MC":"Monaco","MD":"Republik Moldau","ME":"Montenegro","MF":"St. Martin","MG":"Madagaskar","MH":"Marshallinseln","MK":"Mazedonien","ML":"Mali","MM":"Myanmar","MN":"Mongolei","MO":"Sonderverwaltungszone Macao","MP":"N\u00f6rdliche Marianen","MQ":"Martinique","MR":"Mauretanien","MS":"Montserrat","MT":"Malta","MU":"Mauritius","MV":"Malediven","MW":"Malawi","MX":"Mexiko","MY":"Malaysia","MZ":"Mosambik","NA":"Namibia","NC":"Neukaledonien","NE":"Niger","NF":"Norfolkinsel","NG":"Nigeria","NI":"Nicaragua","NL":"Niederlande","NO":"Norwegen","NP":"Nepal","NR":"Nauru","NU":"Niue","NZ":"Neuseeland","OM":"Oman","PA":"Panama","PE":"Peru","PF":"Franz\u00f6sisch-Polynesien","PG":"Papua-Neuguinea","PH":"Philippinen","PK":"Pakistan","PL":"Polen","PM":"St. Pierre und Miquelon","PN":"Pitcairn","PR":"Puerto Rico","PS":"Pal\u00e4stinensische Gebiete","PT":"Portugal","PW":"Palau","PY":"Paraguay","QA":"Katar","RE":"R\u00e9union","RO":"Rum\u00e4nien","RS":"Serbien","RU":"Russische F\u00f6deration","RW":"Ruanda","SA":"Saudi-Arabien","SB":"Salomonen","SC":"Seychellen","SD":"Sudan","SE":"Schweden","SG":"Singapur","SH":"St. Helena","SI":"Slowenien","SJ":"Svalbard und Jan Mayen","SK":"Slowakei","SL":"Sierra Leone","SM":"San Marino","SN":"Senegal","SO":"Somalia","SR":"Suriname","ST":"S\u00e3o Tom\u00e9 und Pr\u00edncipe","SV":"El Salvador","SY":"Syrien","SZ":"Swasiland","TC":"Turks- und Caicosinseln","TD":"Tschad","TF":"Franz\u00f6sische S\u00fcd- und Antarktisgebiete","TG":"Togo","TH":"Thailand","TJ":"Tadschikistan","TK":"Tokelau","TL":"Osttimor","TM":"Turkmenistan","TN":"Tunesien","TO":"Tonga","TR":"T\u00fcrkei","TT":"Trinidad und Tobago","TV":"Tuvalu","TW":"Taiwan","TZ":"Tansania","UA":"Ukraine","UG":"Uganda","UM":"Amerikanisch-Ozeanien","US":"Vereinigte Staaten","UY":"Uruguay","UZ":"Usbekistan","VA":"Vatikanstadt","VC":"St. Vincent und die Grenadinen","VE":"Venezuela","VG":"Britische Jungferninseln","VI":"Amerikanische Jungferninseln","VN":"Vietnam","VU":"Vanuatu","WF":"Wallis und Futuna","WS":"Samoa","YE":"Jemen","YT":"Mayotte","ZA":"S\u00fcdafrika","ZM":"Sambia","ZW":"Simbabwe","ZZ":"Unbekannte oder ung\u00fcltige Region"}