{"AD":"Andorra","AE":"Vereenigte Araabsche Emiraten","AF":"Afghanistan","AG":"Antigua un Barbuda","AI":"Anguilla","AL":"Albanien","AM":"Armenien","AN":"Nedderlandsche Antillen","AO":"Angola","AQ":"Antarktis","AR":"Argentinien","AS":"Amerikaansch-Samoa","AT":"\u00d6\u00f6sterriek","AU":"Australien","AW":"Aruba","AX":"\u00c5landeilannen","AZ":"Aserbaidschan","BA":"Bosnien un Herzegowina","BB":"Barbados","BD":"Bangladesch","BE":"Belgien","BF":"Burkina Faso","BG":"Bulgarien","BH":"Bahrain","BI":"Burundi","BJ":"Benin","BL":"Saint Barth\u00e9lemy","BM":"Bermuda","BN":"Brunei Darussalam","BO":"Bolivien","BR":"Brasilien","BS":"Bahamas","BT":"Bhutan","BV":"Bouvet-Eiland","BW":"Botswana","BY":"Wittrussland","BZ":"Belize","CA":"Kanada","CC":"Kokos-Eilannen","CD":"Demokraatsche Republik Kongo","CF":"Zentralafrikaansche Republik","CG":"Republik Kongo","CH":"Swiez","CI":"Elfenbeenk\u00fcst","CK":"Cook-Eilannen","CL":"Chile","CM":"Kamerun","CN":"China","CO":"Kolumbien","CR":"Costa Rica","CU":"Kuba","CV":"Kap Verde","CX":"Wiehnachtseiland","CY":"Zypern","CZ":"Tschechien","DE":"D\u00fc\u00fctschland","DJ":"Dschibuti","DK":"D\u00e4\u00e4nmark","DM":"Dominica","DO":"Dominikaansche Republik","DZ":"Algerien","EC":"Ecuador","EE":"Eestland","EG":"\u00c4gypten","EH":"Westsahara","ER":"Eritrea","ES":"Spanien","ET":"\u00c4thiopien","FI":"Finnland","FJ":"Fidschi","FK":"Falkland-Eilannen","FM":"Mikronesien","FO":"F\u00e4r\u00f6er","FR":"Frankriek","GA":"Gabun","GB":"Vereenigt K\u00f6nigriek","GD":"Grenada","GE":"Georgien","GF":"Franz\u00f6\u00f6sch-Guayana","GG":"Guernsey","GH":"Ghana","GI":"Gibraltar","GL":"Gr\u00f6\u00f6nland","GM":"Gambia","GN":"Guinea","GP":"Guadeloupe","GQ":"\u00c4quatorialguinea","GR":"Grekenland","GS":"S\u00fc\u00fcdgeorgien un de S\u00fcdlichen Sandwich-Eilannen","GT":"Guatemala","GU":"Guam","GW":"Guinea-Bissau","GY":"Guyana","HK":"S\u00fcnnerverwaltensrebeed Hongkong","HM":"Heard- un McDonald-Eilannen","HN":"Honduras","HR":"Kroatien","HT":"Haiti","HU":"Ungarn","ID":"Indonesien","IE":"Irland","IL":"Israel","IM":"Insel Man","IN":"Indien","IO":"Britisch Rebeed in\u2019n Indischen Ozean","IQ":"Irak","IR":"Iran","IS":"Iesland","IT":"Italien","JE":"Jersey","JM":"Jamaika","JO":"Jordanien","JP":"Japan","KE":"Kenia","KG":"Kirgisistan","KH":"Kambodscha","KI":"Kiribati","KM":"Komoren","KN":"St. Kitts un Nevis","KP":"Noordkorea","KR":"S\u00fc\u00fcdkorea","KW":"Kuwait","KY":"Kaiman-Eilannen","KZ":"Kasachstan","LA":"Laos","LB":"Libanon","LC":"St. Lucia","LI":"Liechtensteen","LK":"Sri Lanka","LR":"Liberia","LS":"Lesotho","LT":"Litauen","LU":"Luxemborg","LV":"Lettland","LY":"Libyen","MA":"Marokko","MC":"Monaco","MD":"Moldawien","ME":"Montenegro","MF":"Saint Martin","MG":"Madagaskar","MH":"Marshall-Eilannen","MK":"Makedonien","ML":"Mali","MM":"Birma","MN":"Mongolei","MO":"S\u00fcnnerverwaltensrebeed Macao","MP":"N\u00f6\u00f6rdliche Marianen","MQ":"Martinique","MR":"Mauretanien","MS":"Montserrat","MT":"Malta","MU":"Mauritius","MV":"Malediven","MW":"Malawi","MX":"Mexiko","MY":"Malaysia","MZ":"Mosambik","NA":"Namibia","NC":"Neekaledonien","NE":"Niger","NF":"Norfolk","NG":"Nigeria","NI":"Nikaragua","NL":"Nedderlannen","NO":"Norwegen","NP":"Nepal","NR":"Nauru","NU":"Niue","NZ":"Neeseeland","OM":"Oman","PA":"Panama","PE":"Peru","PF":"Franz\u00f6\u00f6sch-Polynesien","PG":"Papua-Neeguinea","PH":"Philippinen","PK":"Pakistan","PL":"Polen","PM":"St. Pierre un Miquelon","PN":"Pitcairn","PR":"Puerto Rico","PS":"Pal\u00e4stinensische Rebeden","PT":"Portugal","PW":"Palau","PY":"Paraguay","QA":"Katar","RE":"Reunion","RO":"Rum\u00e4nien","RS":"Serbien","RU":"Russland","RW":"Ruanda","SA":"Saudi-Arabien","SB":"Salomonen","SC":"Seychellen","SD":"Sudan","SE":"Sweden","SG":"Singapur","SH":"St. Helena","SI":"Slowenien","SJ":"Svalbard un Jan Mayen","SK":"Slowakei","SL":"Sierra Leone","SM":"San Marino","SN":"Senegal","SO":"Somalia","SR":"Surinam","ST":"S\u00e3o Tom\u00e9 un Pr\u00edncipe","SV":"El Salvador","SY":"Syrien","SZ":"Swasiland","TC":"Turks- un Caicosinseln","TD":"Tschad","TF":"Franz\u00f6\u00f6sche S\u00fc\u00fcd- un Antarktisrebeden","TG":"Togo","TH":"Thailand","TJ":"Tadschikistan","TK":"Tokelau","TL":"Oosttimor","TM":"Turkmenistan","TN":"Tunesien","TO":"Tonga","TR":"T\u00f6rkie","TT":"Trinidad un Tobago","TV":"Tuvalu","TW":"Taiwan","TZ":"Tansania","UA":"Ukraine","UG":"Uganda","UM":"Amerikaansch-Ozeanien","US":"USA","UY":"Uruguay","UZ":"Usbekistan","VA":"Vatikan","VC":"St. Vincent un de Grenadinen","VE":"Venezuela","VG":"Brietsche Jumfern-Eilannen","VI":"Amerikaansche Jumfern-Eilannen","VN":"Vietnam","VU":"Vanuatu","WF":"Wallis un Futuna","WS":"Samoa","YE":"Jemen","YT":"Mayotte","ZA":"S\u00fc\u00fcdafrika","ZM":"Sambia","ZW":"Simbabwe","ZZ":"Unbekannte oder ung\u00fcllige Region"}