{"AD":"Andorra","AE":"Sameinu\u00f0u arab\u00edsku furstad\u00e6min","AF":"Afganistan","AG":"Ant\u00edgva og Barb\u00fada","AI":"Angvilla","AL":"Alban\u00eda","AM":"Armen\u00eda","AN":"Hollensku Antillur","AO":"Ang\u00f3la","AQ":"Su\u00f0urskautslandi\u00f0","AR":"Argent\u00edna","AS":"Bandar\u00edska Sam\u00f3a","AT":"Austurr\u00edki","AU":"\u00c1stral\u00eda","AW":"Ar\u00faba","AX":"\u00c1landseyjar","AZ":"Aserba\u00eddsjan","BA":"Bosn\u00eda og Herseg\u00f3v\u00edna","BB":"Barbados","BD":"Bangladess","BE":"Belg\u00eda","BF":"B\u00fark\u00edna Fas\u00f3","BG":"B\u00falgar\u00eda","BH":"Barein","BI":"B\u00far\u00fand\u00ed","BJ":"Ben\u00edn","BL":"Saint Barth\u00e9lemy","BM":"Berm\u00fadaeyjar","BN":"Br\u00fanei","BO":"B\u00f3liv\u00eda","BR":"Brasil\u00eda","BS":"Bahamaeyjar","BT":"B\u00fatan","BV":"Bouveteyja","BW":"Botsvana","BY":"Hv\u00edta-R\u00fassland","BZ":"Bel\u00eds","CA":"Kanada","CC":"K\u00f3koseyjar","CD":"Austur-Kong\u00f3","CF":"Mi\u00f0-Afr\u00edkul\u00fd\u00f0veldi\u00f0","CG":"Vestur-Kong\u00f3","CH":"Sviss","CI":"F\u00edlabeinsstr\u00f6ndin","CK":"Cookseyjar","CL":"Ch\u00edle","CM":"Kamer\u00fan","CN":"K\u00edna","CO":"K\u00f3lumb\u00eda","CR":"Kostar\u00edka","CS":"Serb\u00eda og Svartfjallaland","CU":"K\u00faba","CV":"Gr\u00e6nh\u00f6f\u00f0aeyjar","CX":"J\u00f3laey","CY":"K\u00fdpur","CZ":"T\u00e9kkland","DE":"\u00de\u00fdskaland","DJ":"Dj\u00edb\u00fat\u00ed","DK":"Danm\u00f6rk","DM":"D\u00f3min\u00edka","DO":"D\u00f3min\u00edska l\u00fd\u00f0veldi\u00f0","DZ":"Als\u00edr","EC":"Ekvador","EE":"Eistland","EG":"Egyptaland","EH":"Vestur-Sahara","ER":"Er\u00edtrea","ES":"Sp\u00e1nn","ET":"E\u00fe\u00ed\u00f3p\u00eda","FI":"Finnland","FJ":"F\u00eddjieyjar","FK":"Falklandseyjar","FM":"Mikr\u00f3nes\u00eda","FO":"F\u00e6reyjar","FR":"Frakkland","GA":"Gabon","GB":"Bretland","GD":"Grenada","GE":"Georg\u00eda","GF":"Franska Gv\u00e6jana","GG":"Guernsey","GH":"Gana","GI":"G\u00edbraltar","GL":"Gr\u00e6nland","GM":"Gamb\u00eda","GN":"G\u00ednea","GP":"Gvadel\u00fapeyjar","GQ":"Mi\u00f0baugs-G\u00ednea","GR":"Grikkland","GS":"Su\u00f0ur-Georg\u00eda og Su\u00f0ur-Sandv\u00edkureyjar","GT":"Gvatemala","GU":"Gvam","GW":"G\u00ednea-Biss\u00e1","GY":"Gv\u00e6jana","HK":"Hong Kong","HM":"Heard og McDonaldseyjar","HN":"Hond\u00faras","HR":"Kr\u00f3at\u00eda","HT":"Ha\u00edt\u00ed","HU":"Ungverjaland","ID":"Ind\u00f3nes\u00eda","IE":"\u00cdrland","IL":"\u00cdsrael","IM":"M\u00f6n","IN":"Indland","IO":"Bresku Indlandshafseyjar","IQ":"\u00cdrak","IR":"\u00cdran","IS":"\u00cdsland","IT":"\u00cdtal\u00eda","JE":"Jersey","JM":"Jama\u00edka","JO":"J\u00f3rdan\u00eda","JP":"Japan","KE":"Ken\u00eda","KG":"Kirgisistan","KH":"Kamb\u00f3d\u00eda","KI":"K\u00edribat\u00ed","KM":"K\u00f3moreyjar","KN":"Sankti Krist\u00f3fer og Nevis","KP":"Nor\u00f0ur-K\u00f3rea","KR":"Su\u00f0ur-K\u00f3rea","KW":"K\u00faveit","KY":"Caymaneyjar","KZ":"Kasakstan","LA":"Laos","LB":"L\u00edbanon","LC":"Sankti L\u00fas\u00eda","LI":"Liechtenstein","LK":"Sr\u00ed Lanka","LR":"L\u00edber\u00eda","LS":"Les\u00f3t\u00f3","LT":"Lith\u00e1en","LU":"L\u00faxemborg","LV":"Lettland","LY":"L\u00edb\u00eda","MA":"Marokk\u00f3","MC":"M\u00f3nak\u00f3","MD":"Mold\u00f3va","ME":"Svartfjallaland","MF":"Saint Martin","MG":"Madagaskar","MH":"Marshalleyjar","MK":"Maked\u00f3n\u00eda","ML":"Mal\u00ed","MM":"Mjanmar","MN":"Mong\u00f3l\u00eda","MO":"Maka\u00f3","MP":"Nor\u00f0ur-Mar\u00edanaeyjar","MQ":"Martin\u00edk","MR":"M\u00e1ritan\u00eda","MS":"Montserrat","MT":"Malta","MU":"M\u00e1rit\u00edus","MV":"Mald\u00edveyjar","MW":"Malav\u00ed","MX":"Mex\u00edk\u00f3","MY":"Malas\u00eda","MZ":"M\u00f3samb\u00edk","NA":"Namib\u00eda","NC":"N\u00fdja-Kaled\u00f3n\u00eda","NE":"N\u00edger","NF":"Norfolkeyja","NG":"N\u00edger\u00eda","NI":"N\u00edkaragva","NL":"Ni\u00f0url\u00f6nd","NO":"Noregur","NP":"Nepal","NR":"N\u00e1r\u00fa","NU":"Niue","NZ":"N\u00fdja-Sj\u00e1land","OM":"\u00d3man","PA":"Panama","PE":"Per\u00fa","PF":"Franska P\u00f3l\u00fdnes\u00eda","PG":"Pap\u00faa N\u00fdja-G\u00ednea","PH":"Filippseyjar","PK":"Pakistan","PL":"P\u00f3lland","PM":"Sankti Pierre og Miquelon","PN":"Pitcairn","PR":"P\u00faert\u00f3 R\u00edk\u00f3","PS":"Palest\u00edna","PT":"Port\u00fagal","PW":"Pal\u00e1","PY":"Paragv\u00e6","QA":"Katar","RE":"R\u00e9union","RO":"R\u00famen\u00eda","RS":"Serb\u00eda","RU":"R\u00fassland","RW":"R\u00faanda","SA":"S\u00e1di-Arab\u00eda","SB":"Sal\u00f3monseyjar","SC":"Seychelleseyjar","SD":"S\u00fadan","SE":"Sv\u00ed\u00fej\u00f3\u00f0","SG":"Singap\u00far","SH":"Sankti Helena","SI":"Sl\u00f3ven\u00eda","SJ":"Svalbar\u00f0i og Jan Mayen","SK":"Sl\u00f3vak\u00eda","SL":"S\u00ederra Le\u00f3ne","SM":"San Mar\u00edn\u00f3","SN":"Senegal","SO":"S\u00f3mal\u00eda","SR":"S\u00far\u00ednam","ST":"Sa\u00f3 T\u00f3me og Prins\u00edpe","SV":"El Salvador","SY":"S\u00fdrland","SZ":"Svas\u00edland","TC":"Turks- og Caicoseyjar","TD":"Tsjad","TF":"Fr\u00f6nsku su\u00f0l\u00e6gu landsv\u00e6\u00f0in","TG":"T\u00f3g\u00f3","TH":"Ta\u00edland","TJ":"Tadsjikistan","TK":"T\u00f3kel\u00e1","TL":"Austur-T\u00edmor","TM":"T\u00farkmenistan","TN":"T\u00fanis","TO":"Tonga","TR":"Tyrkland","TT":"Tr\u00ednidad og T\u00f3bag\u00f3","TV":"T\u00faval\u00fa","TW":"Ta\u00edvan","TZ":"Tansan\u00eda","UA":"\u00dakra\u00edna","UG":"\u00daganda","UM":"Sm\u00e1eyjar Bandar\u00edkjanna","US":"Bandar\u00edkin","UY":"\u00dar\u00fagv\u00e6","UZ":"\u00dasbekistan","VA":"P\u00e1fagar\u00f0ur","VC":"Sankti Vinsent og Grenad\u00edneyjar","VE":"Venes\u00faela","VG":"J\u00f3mfr\u00faaeyjar (bresku)","VI":"J\u00f3mfr\u00faaeyjar (bandar\u00edsku)","VN":"V\u00edetnam","VU":"Van\u00faat\u00fa","WF":"Wallis- og F\u00fat\u00fanaeyjar","WS":"Sam\u00f3a","YE":"Jemen","YT":"Mayotte","ZA":"Su\u00f0ur-Afr\u00edka","ZM":"Samb\u00eda","ZW":"Simbabve","ZZ":"\u00d3\u00feekkt e\u00f0a \u00f3gilt sv\u00e6\u00f0i"}