{"AD":"Andorra","AE":"Egyes\u00fclt Arab Emir\u00e1tus","AF":"Afganiszt\u00e1n","AG":"Antigua \u00e9s Barbuda","AI":"Anguilla","AL":"Alb\u00e1nia","AM":"\u00d6rm\u00e9nyorsz\u00e1g","AN":"Holland Antill\u00e1k","AO":"Angola","AQ":"Antarktisz","AR":"Argent\u00edna","AS":"Amerikai Szamoa","AT":"Ausztria","AU":"Ausztr\u00e1lia","AW":"Aruba","AX":"Aland-szigetek","AZ":"Azerbajdzs\u00e1n","BA":"Bosznia-Hercegovina","BB":"Barbados","BD":"Banglades","BE":"Belgium","BF":"Burkina Faso","BG":"Bulg\u00e1ria","BH":"Bahrein","BI":"Burundi","BJ":"Benin","BL":"Saint Barth\u00e9lemy","BM":"Bermuda","BN":"Brunei","BO":"Bol\u00edvia","BR":"Braz\u00edlia","BS":"Baham\u00e1k","BT":"Bhut\u00e1n","BV":"Bouvet-sziget","BW":"Botswana","BY":"Feh\u00e9roroszorsz\u00e1g","BZ":"Belize","CA":"Kanada","CC":"K\u00f3kusz-szigetek","CD":"Kong\u00f3 - Kinshasa","CF":"K\u00f6z\u00e9p-afrikai K\u00f6zt\u00e1rsas\u00e1g","CG":"Kong\u00f3","CH":"Sv\u00e1jc","CI":"Elef\u00e1ntcsontpart","CK":"Cook-szigetek","CL":"Chile","CM":"Kamerun","CN":"K\u00edna","CO":"Kolumbia","CR":"Costa Rica","CS":"Szerbia \u00e9s Montenegr\u00f3","CU":"Kuba","CV":"Z\u00f6ld-foki K\u00f6zt\u00e1rsas\u00e1g","CX":"Kar\u00e1csony-szigetek","CY":"Ciprus","CZ":"Csehorsz\u00e1g","DE":"N\u00e9metorsz\u00e1g","DJ":"Dzsibuti","DK":"D\u00e1nia","DM":"Dominika","DO":"Dominikai K\u00f6zt\u00e1rsas\u00e1g","DZ":"Alg\u00e9ria","EC":"Ecuador","EE":"\u00c9sztorsz\u00e1g","EG":"Egyiptom","EH":"Nyugat-Szahara","ER":"Eritrea","ES":"Spanyolorsz\u00e1g","ET":"Eti\u00f3pia","FI":"Finnorsz\u00e1g","FJ":"Fidzsi","FK":"Falkland-szigetek","FM":"Mikron\u00e9zia","FO":"Fer\u00f6er-szigetek","FR":"Franciaorsz\u00e1g","GA":"Gabon","GB":"Egyes\u00fclt Kir\u00e1lys\u00e1g","GD":"Grenada","GE":"Gr\u00fazia","GF":"Francia Guyana","GG":"Guernsey","GH":"Gh\u00e1na","GI":"Gibralt\u00e1r","GL":"Gr\u00f6nland","GM":"Gambia","GN":"Guinea","GP":"Guadeloupe","GQ":"Egyenl\u00edt\u0151i-Guinea","GR":"G\u00f6r\u00f6gorsz\u00e1g","GS":"D\u00e9l Gr\u00fazia \u00e9s a D\u00e9li Szendvics-szigetek","GT":"Guatemala","GU":"Guam","GW":"Guinea-Bissau","GY":"Guyana","HK":"Hongkong S.A.R, K\u00edna","HM":"Heard \u00e9s McDonald Szigetek","HN":"Honduras","HR":"Horv\u00e1torsz\u00e1g","HT":"Haiti","HU":"Magyarorsz\u00e1g","ID":"Indon\u00e9zia","IE":"\u00cdrorsz\u00e1g","IL":"Izrael","IM":"Man-sziget","IN":"India","IO":"Brit Indiai Oce\u00e1n","IQ":"Irak","IR":"Ir\u00e1n","IS":"Izland","IT":"Olaszorsz\u00e1g","JE":"Jersey","JM":"Jamaica","JO":"Jord\u00e1nia","JP":"Jap\u00e1n","KE":"Kenya","KG":"Kirgiziszt\u00e1n","KH":"Kambodzsa","KI":"Kiribati","KM":"Comore-szigetek","KN":"Saint Kitts \u00e9s Nevis","KP":"\u00c9szak-Korea","KR":"D\u00e9l-Korea","KW":"Kuvait","KY":"Kajm\u00e1n-szigetek","KZ":"Kazahszt\u00e1n","LA":"Laosz","LB":"Libanon","LC":"Santa Lucia","LI":"Liechtenstein","LK":"Sr\u00ed Lanka","LR":"Lib\u00e9ria","LS":"Lesotho","LT":"Litv\u00e1nia","LU":"Luxemburg","LV":"Lettorsz\u00e1g","LY":"L\u00edbia","MA":"Marokk\u00f3","MC":"Monaco","MD":"Moldova","ME":"Montenegr\u00f3","MF":"Saint Martin","MG":"Madagaszk\u00e1r","MH":"Marshall-szigetek","MK":"Maced\u00f3nia","ML":"Mali","MM":"Mianmar","MN":"Mong\u00f3lia","MO":"Maka\u00f3 SAR K\u00edna","MP":"\u00c9szaki Mariana-szigetek","MQ":"Martinique","MR":"Maurit\u00e1nia","MS":"Montserrat","MT":"M\u00e1lta","MU":"Mauritius","MV":"Mald\u00edv-szigetek","MW":"Malawi","MX":"Mexik\u00f3","MY":"Malajzia","MZ":"Mozambik","NA":"Nam\u00edbia","NC":"\u00daj-Kaled\u00f3nia","NE":"Niger","NF":"Norfolk-sziget","NG":"Nig\u00e9ria","NI":"Nicaragua","NL":"Hollandia","NO":"Norv\u00e9gia","NP":"Nep\u00e1l","NR":"Nauru","NU":"Niue","NZ":"\u00daj-Z\u00e9land","OM":"Om\u00e1n","PA":"Panama","PE":"Peru","PF":"Francia Polin\u00e9zia","PG":"P\u00e1pua \u00daj-Guinea","PH":"F\u00fcl\u00f6p-szigetek","PK":"Pakiszt\u00e1n","PL":"Lengyelorsz\u00e1g","PM":"Saint Pierre \u00e9s Miquelon","PN":"Pitcairn-sziget","PR":"Puerto Rico","PS":"Palesztin Ter\u00fclet","PT":"Portug\u00e1lia","PW":"Palau","PY":"Paraguay","QA":"Katar","RE":"Reunion","RO":"Rom\u00e1nia","RS":"Szerbia","RU":"Oroszorsz\u00e1g","RW":"Ruanda","SA":"Sza\u00fad-Ar\u00e1bia","SB":"Salamon-szigetek","SC":"Seychelle-szigetek","SD":"Szud\u00e1n","SE":"Sv\u00e9dorsz\u00e1g","SG":"Szingap\u00far","SH":"Szent Helena","SI":"Szlov\u00e9nia","SJ":"Svalbard \u00e9s Jan Mayen","SK":"Szlov\u00e1kia","SL":"Sierra Leone","SM":"San Marino","SN":"Szeneg\u00e1l","SO":"Szom\u00e1lia","SR":"Suriname","ST":"Sao Tom\u00e9 \u00e9s Pr\u00edncipe","SV":"Salvador","SY":"Sz\u00edria","SZ":"Szv\u00e1zif\u00f6ld","TC":"Turks- \u00e9s Caicos-szigetek","TD":"Cs\u00e1d","TF":"Francia D\u00e9li Ter\u00fcletek","TG":"Togo","TH":"Thaif\u00f6ld","TJ":"Tadzsikiszt\u00e1n","TK":"Tokelau","TL":"Kelet-Timor","TM":"T\u00fcrkmeniszt\u00e1n","TN":"Tun\u00e9zia","TO":"Tonga","TR":"T\u00f6r\u00f6korsz\u00e1g","TT":"Trinidad \u00e9s Tobago","TV":"Tuvalu","TW":"Tajvan","TZ":"Tanz\u00e1nia","UA":"Ukrajna","UG":"Uganda","UM":"Amerikai Csendes-\u00f3ce\u00e1ni Szigetek","US":"Egyes\u00fclt \u00c1llamok","UY":"Uruguay","UZ":"\u00dczbegiszt\u00e1n","VA":"Vatik\u00e1n","VC":"Saint Vincent \u00e9s Grenadines","VE":"Venezuela","VG":"Brit Virgin-szigetek","VI":"Amerikai Virgin-szigetek","VN":"Vietnam","VU":"Vanuatu","WF":"Wallis \u00e9s Futuna","WS":"Szamoa","YE":"Jemen","YT":"Mayotte","ZA":"D\u00e9l-Afrika","ZM":"Zambia","ZW":"Zimbabwe","ZZ":"Ismeretlen vagy \u00e9rv\u00e9nytelen k\u00f6rzet"}