{"AD":"Andoora","AE":"Laaraw Imaarawey Margantey","AF":"Afgaanistan","AG":"Antigua nda Barbuuda","AI":"Angiiya","AL":"Albaani","AM":"Armeeni","AN":"Hollandu Antiiyey Laboo","AO":"Angoola","AR":"Argentine","AS":"Ameriki Samoa","AT":"Otri\u0161i","AU":"Ostraali","AW":"Aruuba","AZ":"Azerbaayija\u014b","BA":"Bosni nda Herzegovine","BB":"Barbaados","BD":"Banglade\u0161i","BE":"Belgiiki","BF":"Burkina faso","BG":"Bulgaari","BH":"Bahareen","BI":"Burundi","BJ":"Beni\u014b","BM":"Bermuda","BN":"Bruunee","BO":"Boolivi","BR":"Breezil","BS":"Bahamas","BT":"Buuta\u014b","BW":"Botswaana","BY":"Bilori\u0161i","BZ":"Beliizi","CA":"Kanaada","CD":"Kongoo demookaratiki laboo","CF":"Centraafriki koyra","CG":"Kongoo","CH":"Swisu","CI":"Kudwar","CK":"Kuuk gungey","CL":"\u0160iili","CM":"Kameruun","CN":"\u0160iin","CO":"Kolombi","CR":"Kosta rika","CS":"Serbi nda Montenegro","CU":"Kuuba","CV":"Kapuver gungey","CY":"\u0160iipur","CZ":"Cek labo","DE":"Almaa\u0272e","DJ":"Jibuuti","DK":"Danemark","DM":"Doominiki","DO":"Doominiki laboo","DZ":"Al\u017eeeri","EC":"Ekwateer","EE":"Estooni","EG":"Misra","ER":"Eritree","ES":"Espaa\u0272e","ET":"Ecioopi","FI":"Finlandu","FJ":"Fiji","FK":"Kalkan gungey","FM":"Mikronezi","FR":"Faransi","GA":"Gaabon","GB":"Albaasalaama Marganta","GD":"Grenaada","GE":"Gorgi","GF":"Faransi Guyaan","GH":"Gaana","GI":"Gibraltar","GL":"Grinland","GM":"Gambi","GN":"Gine","GP":"Gwadeluup","GQ":"Ginee Ekwatorial","GR":"Greece","GT":"Gwatemaala","GU":"Guam","GW":"Gine-Bisso","GY":"Guyaane","HN":"Honduras","HR":"Krwaasi","HT":"Haiti","HU":"Hungaari","ID":"Indoneezi","IE":"Irlandu","IL":"Israyel","IN":"Indu laboo","IO":"Briti\u0161i Indu teekoo laama","IQ":"Iraak","IR":"Iraan","IS":"Ayceland","IT":"Itaali","JM":"Jamaayik","JO":"Urdun","JP":"Jaapo\u014b","KE":"Keeniya","KG":"Kyrgyzstan","KH":"Kamboogi","KI":"Kiribaati","KM":"Komoor","KN":"Se\u014b Kitts nda Nevis","KP":"Kooree, Gurma","KR":"Kooree, Hawsa","KW":"Kuweet","KY":"Kayman gungey","KZ":"Kaazakstan","LA":"Laawos","LB":"Lubnaan","LC":"Se\u014b Lussia","LI":"Liechtenstein","LK":"Srilanka","LR":"Liberia","LS":"Leesoto","LT":"Lituaani","LU":"Luxembourg","LV":"Letooni","LY":"Liibi","MA":"Maarok","MC":"Monako","MD":"Moldovi","MG":"Madagascar","MH":"Mar\u0161al gungey","MK":"Maacedooni","ML":"Maali","MM":"Maynamar","MN":"Mongooli","MP":"Mariana Gurma Gungey","MQ":"Martiniiki","MR":"Mooritaani","MS":"Montserrat","MT":"Malta","MU":"Mooris gungey","MV":"Maldiivu","MW":"Malaawi","MX":"Mexiki","MY":"Maleezi","MZ":"Mozambik","NA":"Naamibi","NC":"Kaaledooni Taagaa","NE":"Ni\u017eer","NF":"Norfolk Gungoo","NG":"Naajiriia","NI":"Nikaragwa","NL":"Hollandu","NO":"Norveej","NP":"Neepal","NR":"Nauru","NU":"Niue","NZ":"Zeelandu Taaga","OM":"Omaan","PA":"Panama","PE":"Peeru","PF":"Faransi Polineezi","PG":"Papua Ginee Taaga","PH":"Filipine","PK":"Paakistan","PL":"Polo\u0272e","PM":"Se\u014b Piyer nda Mikelon","PN":"Pitikarin","PR":"Porto Riko","PS":"Palestine Dangay nda Gaaza","PT":"Portugaal","PW":"Palu","PY":"Paraguwey","QA":"Kataar","RE":"Reenio\u014b","RO":"Rumaani","RU":"Iri\u0161i laboo","RW":"Rwanda","SA":"Saudiya","SB":"Solomon Gungey","SC":"See\u0161el","SD":"Suuda\u014b","SE":"Sweede","SG":"Singapur","SH":"Se\u014b Helena","SI":"Sloveeni","SK":"Slovaaki","SL":"Seera Leon","SM":"San Marino","SN":"Senegal","SO":"Somaali","SR":"Surinaam","ST":"Sao Tome nda Prinsipe","SV":"Salvador laboo","SY":"Suuria","SZ":"Swaziland","TC":"Turk nda Kayikos Gungey","TD":"Caadu","TG":"Togo","TH":"Taayiland","TJ":"Taa\u017eikistan","TK":"Tokelau","TL":"Timoor hawsa","TM":"Turkmenista\u014b","TN":"Tunizi","TO":"Tonga","TR":"Turki","TT":"Trinidad nda Tobaago","TV":"Tuvalu","TW":"Taayiwan","TZ":"Tanzaani","UA":"Ukreen","UG":"Uganda","US":"Ameriki Laabu Margantey","UY":"Uruguwey","UZ":"Uzbeekistan","VA":"Vaatikan Laama","VC":"Se\u014bvinsa\u014b nda Grenadine","VE":"Veneezuyeela","VG":"Briti\u0161i Virgin gungey","VI":"Ameerik Virgin Gungey","VN":"Vietnaam","VU":"Vanautu","WF":"Wallis nda Futuna","WS":"Samoa","YE":"Yaman","YT":"Mayooti","ZA":"Hawsa Afriki Laboo","ZM":"Zambi","ZW":"Zimbabwe"}