{"AD":"Andorra","AE":"Emir\u00e2ts araps un\u00eets","AF":"Afghanistan","AG":"Antigua e Barbuda","AI":"Anguilla","AL":"Albanie","AM":"Armenie","AN":"Antilis olandesis","AO":"Angola","AQ":"Antartic","AR":"Argjentine","AS":"Samoa merecanis","AT":"Austrie","AU":"Australie","AW":"Aruba","AX":"Isulis Aland","AZ":"Azerbaigian","BA":"Bosnie e Ercegovine","BB":"Barbados","BD":"Bangladesh","BE":"Belgjiche","BF":"Burkina Faso","BG":"Bulgarie","BH":"Bahrain","BI":"Burundi","BJ":"Benin","BL":"Sant Barth\u00e9lemy","BM":"Bermuda","BN":"Brunei","BO":"Bolivie","BR":"Bras\u00eel","BS":"Bahamas","BT":"Bhutan","BV":"Isule Bouvet","BW":"Botswana","BY":"Bielorussie","BZ":"Belize","CA":"Canade","CC":"Isulis Cocos","CD":"Republiche Democratiche dal Congo","CF":"Republiche centri africane","CG":"Congo","CH":"Svuizare","CI":"Cueste di Avoli","CK":"Isulis Cook","CL":"Cile","CM":"Camerun","CN":"Cine","CO":"Colombie","CR":"Costa Rica","CS":"Serbia e Montenegro","CU":"Cuba","CV":"Cj\u00e2f vert","CX":"Isule Christmas","CY":"Cipri","CZ":"Republiche ceche","DE":"Gjermanie","DJ":"Gibuti","DK":"Danimarcje","DM":"Dominiche","DO":"Republiche dominicane","DZ":"Alzerie","EC":"Ecuador","EE":"Estonie","EG":"Egjit","EH":"Sahara ocident\u00e2l","ER":"Eritree","ES":"Spagne","ET":"Etiopie","FI":"Finlandie","FJ":"Fizi","FK":"Isulis Falkland","FM":"Micronesie","FO":"Isulis Faroe","FR":"France","GA":"Gabon","GB":"Ream un\u00eet","GD":"Grenada","GE":"Gjeorgjie","GF":"Guiana franc\u00eas","GH":"Ghana","GI":"Gjibraltar","GL":"Groenlande","GM":"Gambia","GN":"Guinee","GP":"Guadalupe","GQ":"Guinee ecuatori\u00e2l","GR":"Grecie","GS":"Georgia dal Sud e Isulis Sandwich dal Sud","GT":"Guatemala","GU":"Guam","GW":"Guinea-Bissau","GY":"Guyana","HK":"Regjon aministrative speci\u00e2l de Cine di Hong Kong","HM":"Isule Heard e Isulis McDonald","HN":"Honduras","HR":"Cravuazie","HT":"Haiti","HU":"Ongjarie","ID":"Indonesie","IE":"Irlande","IL":"Isra\u00eal","IM":"Isule di Man","IN":"India","IO":"Teritori britanic dal Ocean Indian","IQ":"Iraq","IR":"Iran","IS":"Islande","IT":"Italie","JM":"Gjamaiche","JO":"Jordanie","JP":"Gjapon","KE":"Kenya","KG":"Kirghizstan","KH":"Camboze","KI":"Kiribati","KM":"Comoris","KN":"San Kitts e Nevis","KP":"Coree dal nord","KR":"Coree dal sud","KW":"Kuwait","KY":"Isulis Cayman","KZ":"Kazachistan","LA":"Laos","LB":"Liban","LC":"Sante Lusie","LI":"Liechtenstein","LK":"Sri Lanka","LR":"Liberie","LS":"Lesotho","LT":"Lituanie","LU":"Lussemburc","LV":"Letonie","LY":"Libie","MA":"Maroc","MC":"Monaco","MD":"Moldavie","MF":"Sant Martin","MG":"Madagascar","MH":"Isulis Marshall","MK":"Macedonie","ML":"Mali","MM":"Birmanie","MN":"Mongolie","MO":"Regjon aministrative speci\u00e2l de Cine di Macao","MP":"Isulis Mariana dal Nord","MQ":"Martiniche","MR":"Mauritanie","MS":"Montserrat","MT":"Malta","MU":"Maurizi","MV":"Maldivis","MW":"Malawi","MX":"Messic","MY":"Malaysia","MZ":"Mozambic","NA":"Namibie","NC":"Gnove Caledonie","NE":"Niger","NF":"Isole Norfolk","NG":"Nigerie","NI":"Nicaragua","NL":"Pa\u00ees bas","NO":"Norvegje","NP":"Nepal","NR":"Nauru","NU":"Niue","NZ":"Gnove Zelande","OM":"Oman","PA":"Panam\u00e0","PE":"Per\u00f9","PF":"Polinesie franc\u00eas","PG":"Papue Gnove Guinee","PH":"Filipinis","PK":"Pakistan","PL":"Polonie","PM":"San Pierre e Miquelon","PN":"Pitcairn","PR":"Porto Rico","PS":"Teritori palestin\u00eas","PT":"Portugal","PW":"Palau","PY":"Paraguay","QA":"Qatar","RE":"Reunion","RO":"Romanie","RS":"Serbie","RU":"Russie","RW":"Ruande","SA":"Arabie Saudide","SB":"Isulis Salomon","SC":"Seychelles","SE":"Svezie","SG":"Singapore","SH":"Sante Eline","SI":"Slovenie","SJ":"Svalbard e Jan Mayen","SK":"Slovachie","SL":"Sierra Leone","SM":"San Marin","SN":"Senegal","SO":"Somalie","SR":"Suriname","ST":"Sao Tom\u00e8 e Principe","SV":"El Salvador","SY":"Sirie","SZ":"Swaziland","TC":"Isulis Turks e Caicos","TD":"\u00c7ad","TF":"Teritoris meridion\u00e2i franc\u00eas","TG":"Togo","TH":"Tailandie","TJ":"Tazikistan","TK":"Tokelau","TL":"Timor orient\u00e2l","TM":"Turkmenistan","TN":"Tunisie","TO":"Tonga","TR":"Turchie","TT":"Trinidad e Tobago","TV":"Tuvalu","TW":"Taiwan","TZ":"Tanzanie","UA":"Ucraine","UG":"Uganda","UM":"Isulis periferichis min\u00f4rs dai St\u00e2ts Un\u00eets","US":"St\u00e2ts Un\u00eets","UY":"Uruguay","UZ":"Uzbechistan","VA":"Vatican","VC":"San Vincent e lis Grenadinis","VE":"Venezuela","VG":"Isulis vergjinis britanichis","VI":"Isulis vergjinis americanis","VN":"Vietnam","VU":"Vanuatu","WF":"Wallis e Futuna","WS":"Samoa","YE":"Yemen","YT":"Mayotte","ZA":"Sud Afriche","ZM":"Zambia","ZW":"Zimbabwe","ZZ":"Regjon no cognossude o no valide"}