{"AD":"Andoro","AE":"Falme za Kiarabu","AF":"Afuganistani","AG":"Antigua na Babuda","AI":"Anguila","AL":"Albania","AM":"Amenia","AN":"Antili za Uholanzi","AO":"Angolo","AR":"Ajentina","AS":"Samoa ya Marekani","AT":"Ostria","AU":"Australia","AW":"Aruba","AZ":"Azabajani","BA":"Bosnia na Hezegovina","BB":"Babado","BD":"Bangladeshi","BE":"Ubelgiji","BF":"Bukinafaso","BG":"Bulgaria","BH":"Bahareni","BI":"Burundi","BJ":"Benini","BM":"Bermuda","BN":"Brunei","BO":"Bolivia","BR":"Brazili","BS":"Bahamasi","BT":"Butani","BW":"Botswana","BY":"Belarusi","BZ":"Belize","CA":"Kanada","CD":"Jamhuri ya Kidemokrasia ya Kongo","CF":"Jamhuri ya Afrika ya Kati","CG":"Kongo","CH":"Uswisi","CI":"Kodivaa","CK":"Visiwa vya Cook","CL":"Chile","CM":"Kameruni","CN":"China","CO":"Kolombia","CR":"Kostarika","CS":"Serbia na Montenegro","CU":"Kuba","CV":"Kepuvede","CY":"Kuprosi","CZ":"Jamhuri ya Cheki","DE":"Ujerumani","DJ":"Jibuti","DK":"Denmaki","DM":"Dominika","DO":"Jamhuri ya Dominika","DZ":"Aljeria","EC":"Ekwado","EE":"Estonia","EG":"Misri","ER":"Eritrea","ES":"Hispania","ET":"Uhabeshi","FI":"Ufini","FJ":"Fiji","FK":"Visiwa vya Falkland","FM":"Mikronesia","FR":"Ufaransa","GA":"Gaboni","GB":"Uingereza","GD":"Grenada","GE":"Jojia","GF":"Gwiyana ya Ufaransa","GH":"Ghana","GI":"Jibralta","GL":"Grinlandi","GM":"Gambia","GN":"Gine","GP":"Gwadelupe","GQ":"Ginekweta","GR":"Ugiriki","GT":"Gwatemala","GU":"Gwam","GW":"Ginebisau","GY":"Guyana","HN":"Hondurasi","HR":"Korasia","HT":"Haiti","HU":"Hungaria","ID":"Indonesia","IE":"Ayalandi","IL":"Israeli","IN":"India","IO":"Eneo la Uingereza katika Bahari Hindi","IQ":"Iraki","IR":"Uajemi","IS":"Aislandi","IT":"Italia","JM":"Jamaika","JO":"Yordani","JP":"Japani","KE":"Kenya","KG":"Kirigizistani","KH":"Kambodia","KI":"Kiribati","KM":"Komoro","KN":"Santakitzi na Nevis","KP":"Korea Kaskazini","KR":"Korea Kusini","KW":"Kuwaiti","KY":"Visiwa vya Kaimai","KZ":"Kazakistani","LA":"Laosi","LB":"Lebanoni","LC":"Santalusia","LI":"Lishenteni","LK":"Sirilanka","LR":"Liberia","LS":"Lesoto","LT":"Litwania","LU":"Lasembagi","LV":"Lativia","LY":"Libya","MA":"Moroko","MC":"Monako","MD":"Moldova","MG":"Bukini","MH":"Visiwa vya Marshal","MK":"Masedonia","ML":"Mali","MM":"Myama","MN":"Mongolia","MP":"Visiwa vya Mariana vya Kaskazini","MQ":"Martiniki","MR":"Moritania","MS":"Montserrati","MT":"Malta","MU":"Morisi","MV":"Modivu","MW":"Malawi","MX":"Meksiko","MY":"Malesia","MZ":"Msumbiji","NA":"Namibia","NC":"Nyukaledonia","NE":"Nijeri","NF":"Kisiwa cha Norfok","NG":"Nijeria","NI":"Nikaragwa","NL":"Uholanzi","NO":"Norwe","NP":"Nepali","NR":"Nauru","NU":"Niue","NZ":"Nyuzilandi","OM":"Omani","PA":"Panama","PE":"Peru","PF":"Polinesia ya Ufaransa","PG":"Papua","PH":"Filipino","PK":"Pakistani","PL":"Polandi","PM":"Santapieri na Mikeloni","PN":"Pitkairni","PR":"Pwetoriko","PS":"Ukingo wa Magharibi na Ukanda wa Gaza wa Palestina","PT":"Ureno","PW":"Palau","PY":"Paragwai","QA":"Katari","RE":"Riyunioni","RO":"Romania","RU":"Urusi","RW":"Rwanda","SA":"Saudi","SB":"Visiwa vya Solomon","SC":"Shelisheli","SD":"Sudani","SE":"Uswidi","SG":"Singapoo","SH":"Santahelena","SI":"Slovenia","SK":"Slovakia","SL":"Siera Leoni","SM":"Samarino","SN":"Senegali","SO":"Somalia","SR":"Surinamu","ST":"Sao Tome na Principe","SV":"Elsavado","SY":"Siria","SZ":"Uswazi","TC":"Visiwa vya Turki na Kaiko","TD":"Chadi","TG":"Togo","TH":"Tailandi","TJ":"Tajikistani","TK":"Tokelau","TL":"Timori ya Mashariki","TM":"Turukimenistani","TN":"Tunisia","TO":"Tonga","TR":"Uturuki","TT":"Trinidad na Tobago","TV":"Tuvalu","TW":"Taiwani","TZ":"Tanzania","UA":"Ukraini","UG":"Uganda","US":"Marekani","UY":"Urugwai","UZ":"Uzibekistani","VA":"Vatikani","VC":"Santavisenti na Grenadini","VE":"Venezuela","VG":"Visiwa vya Virgin vya Uingereza","VI":"Visiwa vya Virgin vya Marekani","VN":"Vietinamu","VU":"Vanuatu","WF":"Walis na Futuna","WS":"Samoa","YE":"Yemeni","YT":"Mayotte","ZA":"Afrika Kusini","ZM":"Zambia","ZW":"Zimbabwe"}