{"AD":"Andorra","AE":"Birl\u0259\u015fmi\u015f \u018fr\u0259b Emiratlar\u0131","AF":"\u018ffq\u0259nistan","AG":"Antiqua v\u0259 Barbuda","AI":"Anquila","AL":"Albaniya","AM":"Erm\u0259nistan","AN":"Hollandiya antilleri","AO":"Angola","AQ":"Antarktika","AR":"Arqentina","AS":"Amerika Samoas\u0131","AT":"Avstriya","AU":"Avstraliya","AW":"Aruba","AX":"Aland Adalar\u0131","AZ":"Az\u0259rbaycan","BA":"Bosniya v\u0259 Herzokovina","BB":"Barbados","BD":"Banqlade\u015f","BE":"Bel\u00e7ika","BF":"Burkina Faso","BG":"Bolqariya","BH":"Bahreyn","BI":"Burundi","BJ":"Benin","BL":"Seynt Bartelemey","BM":"Bermuda","BN":"Bruney","BO":"Boliviya","BR":"Braziliya","BS":"Bahamalar","BT":"Butan","BV":"Bove Adas\u0131","BW":"Botsvana","BY":"Belarus","BZ":"Beliz","CA":"Kanada","CC":"Kokos Adalar\u0131","CD":"Konqo - Kin\u015fasa","CF":"Orta Afrika respublikas\u0131","CG":"Konqo - Brazavil","CH":"isve\u00e7riya","CI":"\u0130vori Sahili","CK":"Kuk Adalar\u0131","CL":"\u00c7ile","CM":"Kamerun","CN":"\u00c7in","CO":"Kolumbiya","CR":"Kosta Rika","CU":"Kuba","CV":"Kape Verde","CX":"\u00c7ristmas Adas\u0131","CY":"Kipr","CZ":"\u00c7ex respublikas\u0131","DE":"Almaniya","DJ":"Ciboti","DK":"Danemarka","DM":"Dominika","DO":"Dominik Respublikas\u0131","DZ":"Cezay\u0131r","EC":"Ekvador","EE":"Estoniya","EG":"Misir","EH":"Q\u0259rb Sahara","ER":"Eritreya","ES":"\u0130spaniya","ET":"Efiopiya","FI":"Finlandiya","FJ":"Fici","FK":"Folkland Adalar\u0131","FM":"Mikronesiya","FO":"Faro Adalar\u0131","FR":"Fransa","GA":"Qabon","GB":"Birl\u0259\u015fmi\u015f Krall\u0131q","GD":"Qrenada","GE":"G\u00fcrc\u00fcstan","GF":"Frans\u0131z Quyanas\u0131","GG":"G\u00f6rnsey","GH":"Qana","GI":"Gibraltar","GL":"Qrinland","GM":"Qambiya","GN":"Qvineya","GP":"Qvadalup","GQ":"Ekvator Qineya","GR":"Yunan\u0131stan","GS":"C\u0259nub G\u00fcrc\u00fcstan v\u0259 C\u0259nub Sandvil\u00e7 Adalar\u0131","GT":"Qvatemala","GU":"Quam","GW":"Qvineya-Bisau","GY":"Quyana","HK":"Honk Konq \u00e7ina","HM":"H\u00f6rd v\u0259 Makdonald Adalar\u0131","HN":"Qonduras","HR":"Xorvatiya","HT":"Haiti","HU":"Macaristan","ID":"\u0130ndoneziya","IE":"\u0130rlandiya","IL":"\u0130zrail","IM":"Man Adas\u0131","IN":"Hindistan","IO":"Britaniya-Hindistan Okeanik territoriyas\u0131","IQ":"\u0130rak","IR":"\u0130ran","IS":"\u0130slandiya","IT":"\u0130taliya","JE":"C\u00f6rsi","JM":"Yamayka","JO":"\u00dcrd\u00fcn","JP":"Yaponiya","KE":"Kenya","KG":"K\u0131rq\u0131zstan","KH":"Kambodiya","KI":"Kiribati","KM":"Komoros","KN":"Seynt Kits v\u0259 Nevis","KP":"\u015eimal Koreya","KR":"C\u0259nub Koreya","KW":"Kuveyt","KY":"Kayman Adalar\u0131","KZ":"Kazaxstan","LA":"Laos","LB":"Lebanon","LC":"Seynt Lusiya","LI":"Lixten\u015fteyn","LK":"\u015eri Lanka","LR":"Liberiya","LS":"Lesoto","LT":"Litva","LU":"L\u00fcksemburq","LV":"Latviya","LY":"Libya","MA":"Morokko","MC":"Monako","MD":"Moldova","ME":"Monteneqro","MF":"Seynt Martin","MG":"Madaqaskar","MH":"Mar\u015fal Adalar\u0131","MK":"Masedoniya","ML":"Mali","MM":"Myanmar","MN":"Monqoliya","MO":"Makao \u00c7ina","MP":"\u015eimal Mariana Adalar\u0131","MQ":"Martiniqu","MR":"Mavritaniya","MS":"Montserat","MT":"Malta","MU":"Mavritis","MV":"Maldiv","MW":"Malavi","MX":"Meksika","MY":"Malaysiya","MZ":"Mazambik","NA":"Namibiya","NC":"Yeni Kaledoniya","NE":"nijer","NF":"Norfolk Adas\u0131","NG":"Nijeriya","NI":"Nikaraqua","NL":"Hollandiya","NO":"Norvec","NP":"Nepal","NR":"Nauru","NU":"Niye","NZ":"Yeni Zelandiya","OM":"Oman","PA":"Panama","PE":"Peru","PF":"Frans\u0131z Polineziya","PG":"Papua Yeni Qvineya","PH":"Filipin","PK":"Pakistan","PL":"Pol\u015fa","PM":"Seynt Piyer v\u0259 Mikelon","PN":"Pitkarn","PR":"Puerto Riko","PS":"F\u0259l\u0259stin B\u00f6lq\u00fcs\u00fc","PT":"Portuqal","PW":"Palav","PY":"Paraqvay","QA":"Qatar","RE":"Reyunion","RO":"Romaniya","RS":"Serbiya","RU":"Rusiya","RW":"Rvanda","SA":"Saudi \u018fr\u0259bistan","SB":"Solomon Adalar\u0131","SC":"Sey\u00e7els","SD":"sudan","SE":"isve\u00e7","SG":"Sinqapur","SH":"Seynt Elena","SI":"Sloveniya","SJ":"svalbard v\u0259 yan mayen","SK":"Slovakiya","SL":"Siyera Leon","SM":"San Marino","SN":"Seneqal","SO":"Somaliya","SR":"surinam\u0259","ST":"Sao Tom v\u0259 Prinsip","SV":"El Salvador","SY":"siriya","SZ":"svazil\u0259nd","TC":"T\u00fcrk v\u0259 Kaykos Adalar\u0131","TD":"\u00c7ad","TF":"Frans\u0131z C\u0259nub teritoriyas\u0131","TG":"Toqo","TH":"tayland","TJ":"tacikistan","TK":"Tokelau","TL":"\u015e\u0259rq Timor","TM":"T\u00fcrkm\u0259nistan","TN":"Tunisiya","TO":"Tonqa","TR":"T\u00fcrkiya","TT":"Trinidan v\u0259 Tobaqo","TV":"Tuvalu","TW":"tayvan","TZ":"tanzaniya","UA":"Ukraina","UG":"Uqanda","UM":"Birl\u0259\u015fmi\u015f \u015etatlar\u0131n uzaq adalar\u0131","US":"Amerika Birl\u0259\u015fmi\u015f \u015etatlar\u0131","UY":"Uruqvay","UZ":"\u00d6zb\u0259kistan","VA":"Vatikan","VC":"Seynt Vinsent v\u0259 Qrenada","VE":"Venesuela","VG":"Britaniya Virgin Adalar\u0131","VI":"AB\u015e Virqin Adalar\u0131","VN":"Vyetnam","VU":"Vanuatu","WF":"Valis v\u0259 Futuna","WS":"Samoa","YE":"Yemen","YT":"Mayot","ZA":"C\u0259nub Afrika","ZM":"Zambiya","ZW":"Zimbabve","ZZ":"bilinmir"}