{"AD":"Andorra","AE":"Arabiemiirikunnat","AF":"Afganistan","AG":"Antigua ja Barbuda","AI":"Anguilla","AL":"Albania","AM":"Armenia","AN":"Alankomaiden Antillit","AO":"Angola","AQ":"Antarktis","AR":"Argentiina","AS":"Amerikan Samoa","AT":"It\u00e4valta","AU":"Australia","AW":"Aruba","AX":"Ahvenanmaa","AZ":"Azerbaid\u017ean","BA":"Bosnia ja Hertsegovina","BB":"Barbados","BD":"Bangladesh","BE":"Belgia","BF":"Burkina Faso","BG":"Bulgaria","BH":"Bahrain","BI":"Burundi","BJ":"Benin","BL":"Saint-Barth\u00e9lemy","BM":"Bermuda","BN":"Brunei","BO":"Bolivia","BR":"Brasilia","BS":"Bahama","BT":"Bhutan","BV":"Bouvet\u2019nsaari","BW":"Botswana","BY":"Valko-Ven\u00e4j\u00e4","BZ":"Belize","CA":"Kanada","CC":"Kookossaaret","CD":"Kongo-Kinshasa","CF":"Keski-Afrikan tasavalta","CG":"Kongo-Brazzaville","CH":"Sveitsi","CI":"Norsunluurannikko","CK":"Cookinsaaret","CL":"Chile","CM":"Kamerun","CN":"Kiina","CO":"Kolumbia","CR":"Costa Rica","CS":"Serbia ja Montenegro","CU":"Kuuba","CV":"Kap Verde","CX":"Joulusaari","CY":"Kypros","CZ":"T\u0161ekki","DE":"Saksa","DJ":"Djibouti","DK":"Tanska","DM":"Dominica","DO":"Dominikaaninen tasavalta","DZ":"Algeria","EC":"Ecuador","EE":"Viro","EG":"Egypti","EH":"L\u00e4nsi-Sahara","ER":"Eritrea","ES":"Espanja","ET":"Etiopia","FI":"Suomi","FJ":"Fid\u017ei","FK":"Falklandinsaaret","FM":"Mikronesian liittovaltio","FO":"F\u00e4rsaaret","FR":"Ranska","GA":"Gabon","GB":"Britannia","GD":"Grenada","GE":"Georgia","GF":"Ranskan Guayana","GG":"Guernsey","GH":"Ghana","GI":"Gibraltar","GL":"Gr\u00f6nlanti","GM":"Gambia","GN":"Guinea","GP":"Guadeloupe","GQ":"P\u00e4iv\u00e4ntasaajan Guinea","GR":"Kreikka","GS":"Etel\u00e4-Georgia ja Etel\u00e4iset Sandwichsaaret","GT":"Guatemala","GU":"Guam","GW":"Guinea-Bissau","GY":"Guyana","HK":"Hongkong \u2013 Kiinan erityishallintoalue","HM":"Heard- ja McDonaldinsaaret","HN":"Honduras","HR":"Kroatia","HT":"Haiti","HU":"Unkari","ID":"Indonesia","IE":"Irlanti","IL":"Israel","IM":"Mansaari","IN":"Intia","IO":"Brittil\u00e4inen Intian valtameren alue","IQ":"Irak","IR":"Iran","IS":"Islanti","IT":"Italia","JE":"Jersey","JM":"Jamaika","JO":"Jordania","JP":"Japani","KE":"Kenia","KG":"Kirgisia","KH":"Kambod\u017ea","KI":"Kiribati","KM":"Komorit","KN":"Saint Kitts ja Nevis","KP":"Pohjois-Korea","KR":"Etel\u00e4-Korea","KW":"Kuwait","KY":"Caymansaaret","KZ":"Kazakstan","LA":"Laos","LB":"Libanon","LC":"Saint Lucia","LI":"Liechtenstein","LK":"Sri Lanka","LR":"Liberia","LS":"Lesotho","LT":"Liettua","LU":"Luxemburg","LV":"Latvia","LY":"Libya","MA":"Marokko","MC":"Monaco","MD":"Moldova","ME":"Montenegro","MF":"Saint-Martin","MG":"Madagaskar","MH":"Marshallinsaaret","MK":"Makedonia","ML":"Mali","MM":"Myanmar","MN":"Mongolia","MO":"Macao \u2013 Kiinan erityishallintoalue","MP":"Pohjois-Mariaanit","MQ":"Martinique","MR":"Mauritania","MS":"Montserrat","MT":"Malta","MU":"Mauritius","MV":"Malediivit","MW":"Malawi","MX":"Meksiko","MY":"Malesia","MZ":"Mosambik","NA":"Namibia","NC":"Uusi-Kaledonia","NE":"Niger","NF":"Norfolkinsaari","NG":"Nigeria","NI":"Nicaragua","NL":"Alankomaat","NO":"Norja","NP":"Nepal","NR":"Nauru","NU":"Niue","NZ":"Uusi-Seelanti","OM":"Oman","PA":"Panama","PE":"Peru","PF":"Ranskan Polynesia","PG":"Papua-Uusi-Guinea","PH":"Filippiinit","PK":"Pakistan","PL":"Puola","PM":"Saint-Pierre ja Miquelon","PN":"Pitcairn","PR":"Puerto Rico","PS":"Palestiina","PT":"Portugali","PW":"Palau","PY":"Paraguay","QA":"Qatar","RE":"R\u00e9union","RO":"Romania","RS":"Serbia","RU":"Ven\u00e4j\u00e4","RW":"Ruanda","SA":"Saudi-Arabia","SB":"Salomonsaaret","SC":"Seychellit","SD":"Sudan","SE":"Ruotsi","SG":"Singapore","SH":"Saint Helena","SI":"Slovenia","SJ":"Huippuvuoret ja Jan Mayen","SK":"Slovakia","SL":"Sierra Leone","SM":"San Marino","SN":"Senegal","SO":"Somalia","SR":"Surinam","ST":"S\u00e3o Tom\u00e9 ja Pr\u00edncipe","SV":"El Salvador","SY":"Syyria","SZ":"Swazimaa","TC":"Turks- ja Caicossaaret","TD":"T\u0161ad","TF":"Ranskan ulkopuoliset etel\u00e4iset alueet","TG":"Togo","TH":"Thaimaa","TJ":"Tad\u017eikistan","TK":"Tokelau","TL":"It\u00e4-Timor","TM":"Turkmenistan","TN":"Tunisia","TO":"Tonga","TR":"Turkki","TT":"Trinidad ja Tobago","TV":"Tuvalu","TW":"Taiwan","TZ":"Tansania","UA":"Ukraina","UG":"Uganda","UM":"Yhdysvaltain pienet erillissaaret","US":"Yhdysvallat","UY":"Uruguay","UZ":"Uzbekistan","VA":"Vatikaani","VC":"Saint Vincent ja Grenadiinit","VE":"Venezuela","VG":"Brittil\u00e4iset Neitsytsaaret","VI":"Yhdysvaltain Neitsytsaaret","VN":"Vietnam","VU":"Vanuatu","WF":"Wallis ja Futuna","WS":"Samoa","YE":"Jemen","YT":"Mayotte","ZA":"Etel\u00e4-Afrikka","ZM":"Sambia","ZW":"Zimbabwe","ZZ":"tuntematon tai virheellinen alue"}