{"AD":"Andorra","AE":"De forente arabiske emirater","AF":"Afghanistan","AG":"Antigua og Barbuda","AI":"Anguilla","AL":"Albania","AM":"Armenia","AN":"De nederlandske antiller","AO":"Angola","AQ":"Antarktis","AR":"Argentina","AS":"Amerikansk Samoa","AT":"\u00d8sterrike","AU":"Australia","AW":"Aruba","AX":"\u00c5land","AZ":"Aserbajdsjan","BA":"Bosnia-Hercegovina","BB":"Barbados","BD":"Bangladesh","BE":"Belgia","BF":"Burkina Faso","BG":"Bulgaria","BH":"Bahrain","BI":"Burundi","BJ":"Benin","BL":"Saint Barth\u00e9lemy","BM":"Bermuda","BN":"Brunei Darussalam","BO":"Bolivia","BR":"Brasil","BS":"Bahamas","BT":"Bhutan","BV":"Bouvet\u00f8ya","BW":"Botswana","BY":"Hviterussland","BZ":"Belize","CA":"Canada","CC":"Kokos\u00f8yene","CD":"Kongo-Kinshasa","CF":"Den sentralafrikanske republikk","CG":"Kongo-Brazzaville","CH":"Sveits","CI":"Elfenbenskysten","CK":"Cook\u00f8yene","CL":"Chile","CM":"Kamerun","CN":"Kina","CO":"Colombia","CR":"Costa Rica","CS":"Serbia og Montenegro","CU":"Cuba","CV":"Kapp Verde","CX":"Christmas\u00f8ya","CY":"Kypros","CZ":"Tsjekkia","DE":"Tyskland","DJ":"Djibouti","DK":"Danmark","DM":"Dominica","DO":"Den dominikanske republikk","DZ":"Algerie","EC":"Ecuador","EE":"Estland","EG":"Egypt","EH":"Vest-Sahara","ER":"Eritrea","ES":"Spania","ET":"Etiopia","FI":"Finland","FJ":"Fiji","FK":"Falklands\u00f8yene","FM":"Mikronesiaf\u00f8derasjonen","FO":"F\u00e6r\u00f8yene","FR":"Frankrike","GA":"Gabon","GB":"Storbritannia","GD":"Grenada","GE":"Georgia","GF":"Fransk Guyana","GG":"Guernsey","GH":"Ghana","GI":"Gibraltar","GL":"Gr\u00f8nland","GM":"Gambia","GN":"Guinea","GP":"Guadeloupe","GQ":"Ekvatorial-Guinea","GR":"Hellas","GS":"S\u00f8r-Georgia og de s\u00f8rlige Sandwich-\u00f8yene","GT":"Guatemala","GU":"Guam","GW":"Guinea-Bissau","GY":"Guyana","HK":"Hongkong S.A.R. Kina","HM":"Heard\u00f8ya og McDonald\u00f8yene","HN":"Honduras","HR":"Kroatia","HT":"Haiti","HU":"Ungarn","ID":"Indonesia","IE":"Irland","IL":"Israel","IM":"Man","IN":"India","IO":"Britiske territorier i Indiahavet","IQ":"Irak","IR":"Iran","IS":"Island","IT":"Italia","JE":"Jersey","JM":"Jamaica","JO":"Jordan","JP":"Japan","KE":"Kenya","KG":"Kirgisistan","KH":"Kambodsja","KI":"Kiribati","KM":"Komorene","KN":"St. Kitts og Nevis","KP":"Nord-Korea","KR":"S\u00f8r-Korea","KW":"Kuwait","KY":"Cayman\u00f8yene","KZ":"Kasakhstan","LA":"Laos","LB":"Libanon","LC":"St. Lucia","LI":"Liechtenstein","LK":"Sri Lanka","LR":"Liberia","LS":"Lesotho","LT":"Litauen","LU":"Luxembourg","LV":"Latvia","LY":"Libya","MA":"Marokko","MC":"Monaco","MD":"Moldova","ME":"Montenegro","MF":"Saint Martin","MG":"Madagaskar","MH":"Marshall\u00f8yene","MK":"Makedonia","ML":"Mali","MM":"Myanmar","MN":"Mongolia","MO":"Macao S.A.R. Kina","MP":"Nord-Marianene","MQ":"Martinique","MR":"Mauritania","MS":"Montserrat","MT":"Malta","MU":"Mauritius","MV":"Maldivene","MW":"Malawi","MX":"Mexico","MY":"Malaysia","MZ":"Mosambik","NA":"Namibia","NC":"Ny-Caledonia","NE":"Niger","NF":"Norfolk\u00f8ya","NG":"Nigeria","NI":"Nicaragua","NL":"Nederland","NO":"Norge","NP":"Nepal","NR":"Nauru","NU":"Niue","NZ":"New Zealand","OM":"Oman","PA":"Panama","PE":"Peru","PF":"Fransk Polynesia","PG":"Papua Ny-Guinea","PH":"Filippinene","PK":"Pakistan","PL":"Polen","PM":"St. Pierre og Miquelon","PN":"Pitcairn","PR":"Puerto Rico","PS":"Palestinsk territorium","PT":"Portugal","PW":"Palau","PY":"Paraguay","QA":"Qatar","RE":"Reunion","RO":"Romania","RS":"Serbia","RU":"Russland","RW":"Rwanda","SA":"Saudi-Arabia","SB":"Salomon\u00f8yene","SC":"Seychellene","SD":"Sudan","SE":"Sverige","SG":"Singapore","SH":"St. Helena","SI":"Slovenia","SJ":"Svalbard og Jan Mayen","SK":"Slovakia","SL":"Sierra Leone","SM":"San Marino","SN":"Senegal","SO":"Somalia","SR":"Surinam","ST":"S\u00e3o Tom\u00e9 og Pr\u00edncipe","SV":"El Salvador","SY":"Syria","SZ":"Swaziland","TC":"Turks- og Caicos\u00f8yene","TD":"Tsjad","TF":"De franske s\u00f8rterritorier","TG":"Togo","TH":"Thailand","TJ":"Tadsjikistan","TK":"Tokelau","TL":"\u00d8st-Timor","TM":"Turkmenistan","TN":"Tunisia","TO":"Tonga","TR":"Tyrkia","TT":"Trinidad og Tobago","TV":"Tuvalu","TW":"Taiwan","TZ":"Tanzania","UA":"Ukraina","UG":"Uganda","UM":"USAs ytre sm\u00e5\u00f8yer","US":"USA","UY":"Uruguay","UZ":"Usbekistan","VA":"Vatikanstaten","VC":"St. Vincent og Grenadinene","VE":"Venezuela","VG":"De britiske jomfru\u00f8yene","VI":"De amerikanske jomfru\u00f8yene","VN":"Vietnam","VU":"Vanuatu","WF":"Wallis og Futuna","WS":"Samoa","YE":"Jemen","YT":"Mayotte","ZA":"S\u00f8r-Afrika","ZM":"Zambia","ZW":"Zimbabwe","ZZ":"ukjent eller ugyldig omr\u00e5de"}