{"AD":"Andora","AE":"Zjednoczone Emiraty Arabskie","AF":"Afganistan","AG":"Antigua i Barbuda","AI":"Anguilla","AL":"Albania","AM":"Armenia","AN":"Antyle Holenderskie","AO":"Angola","AQ":"Antarktyka","AR":"Argentyna","AS":"Samoa Ameryka\u0144skie","AT":"Austria","AU":"Australia","AW":"Aruba","AX":"Wyspy Alandzkie","AZ":"Azerbejd\u017can","BA":"Bo\u015bnia i Hercegowina","BB":"Barbados","BD":"Bangladesz","BE":"Belgia","BF":"Burkina Faso","BG":"Bu\u0142garia","BH":"Bahrajn","BI":"Burundi","BJ":"Benin","BL":"Saint Barth\u00e9lemy","BM":"Bermudy","BN":"Brunei Darussalam","BO":"Boliwia","BR":"Brazylia","BS":"Bahamy","BT":"Bhutan","BV":"Wyspa Bouveta","BW":"Botswana","BY":"Bia\u0142oru\u015b","BZ":"Belize","CA":"Kanada","CC":"Wyspy Kokosowe","CD":"Demokratyczna Republika Konga","CF":"Republika \u015arodkowoafryka\u0144ska","CG":"Kongo","CH":"Szwajcaria","CI":"Wybrze\u017ce Ko\u015bci S\u0142oniowej","CK":"Wyspy Cooka","CL":"Chile","CM":"Kamerun","CN":"Chiny","CO":"Kolumbia","CR":"Kostaryka","CS":"Serbia i Czarnog\u00f3ra","CU":"Kuba","CV":"Republika Zielonego Przyl\u0105dka","CX":"Wyspa Bo\u017cego Narodzenia","CY":"Cypr","CZ":"Czechy","DE":"Niemcy","DJ":"D\u017cibuti","DK":"Dania","DM":"Dominika","DO":"Republika Dominika\u0144ska","DZ":"Algieria","EC":"Ekwador","EE":"Estonia","EG":"Egipt","EH":"Sahara Zachodnia","ER":"Erytrea","ES":"Hiszpania","ET":"Etiopia","FI":"Finlandia","FJ":"Fid\u017ci","FK":"Falklandy","FM":"Federalne Stany Mikronezji","FO":"Wyspy Owcze","FR":"Francja","GA":"Gabon","GB":"Wielka Brytania","GD":"Grenada","GE":"Gruzja","GF":"Gujana Francuska","GG":"Wyspa Guernsey","GH":"Ghana","GI":"Gibraltar","GL":"Grenlandia","GM":"Gambia","GN":"Gwinea","GP":"Gwadelupa","GQ":"Gwinea R\u00f3wnikowa","GR":"Grecja","GS":"Georgia Po\u0142udniowa i Sandwich Po\u0142udniowy","GT":"Gwatemala","GU":"Guam","GW":"Gwinea Bissau","GY":"Gujana","HK":"Hongkong, Specjalny Region Administracyjny Chin","HM":"Wyspy Heard i McDonalda","HN":"Honduras","HR":"Chorwacja","HT":"Haiti","HU":"W\u0119gry","ID":"Indonezja","IE":"Irlandia","IL":"Izrael","IM":"Wyspa Man","IN":"Indie","IO":"Terytorium Brytyjskie Oceanu Indyjskiego","IQ":"Irak","IR":"Iran","IS":"Islandia","IT":"W\u0142ochy","JE":"Wyspa Jersey","JM":"Jamajka","JO":"Jordania","JP":"Japonia","KE":"Kenia","KG":"Kirgistan","KH":"Kambod\u017ca","KI":"Kiribati","KM":"Komory","KN":"Saint Kitts i Nevis","KP":"Korea P\u00f3\u0142nocna","KR":"Korea Po\u0142udniowa","KW":"Kuwejt","KY":"Kajmany","KZ":"Kazachstan","LA":"Laos","LB":"Liban","LC":"Saint Lucia","LI":"Liechtenstein","LK":"Sri Lanka","LR":"Liberia","LS":"Lesotho","LT":"Litwa","LU":"Luksemburg","LV":"\u0141otwa","LY":"Libia","MA":"Maroko","MC":"Monako","MD":"Mo\u0142dawia","ME":"Czarnog\u00f3ra","MF":"Sint Maarten","MG":"Madagaskar","MH":"Wyspy Marshalla","MK":"Macedonia","ML":"Mali","MM":"Birma","MN":"Mongolia","MO":"Makau, Specjalny Region Administracyjny Chin","MP":"Mariany P\u00f3\u0142nocne","MQ":"Martynika","MR":"Mauretania","MS":"Montserrat","MT":"Malta","MU":"Mauritius","MV":"Malediwy","MW":"Malawi","MX":"Meksyk","MY":"Malezja","MZ":"Mozambik","NA":"Namibia","NC":"Nowa Kaledonia","NE":"Niger","NF":"Norfolk","NG":"Nigeria","NI":"Nikaragua","NL":"Holandia","NO":"Norwegia","NP":"Nepal","NR":"Nauru","NU":"Niue","NZ":"Nowa Zelandia","OM":"Oman","PA":"Panama","PE":"Peru","PF":"Polinezja Francuska","PG":"Papua Nowa Gwinea","PH":"Filipiny","PK":"Pakistan","PL":"Polska","PM":"Saint-Pierre i Miquelon","PN":"Pitcairn","PR":"Portoryko","PS":"Terytoria Palesty\u0144skie","PT":"Portugalia","PW":"Palau","PY":"Paragwaj","QA":"Katar","RE":"Reunion","RO":"Rumunia","RS":"Serbia","RU":"Rosja","RW":"Rwanda","SA":"Arabia Saudyjska","SB":"Wyspy Salomona","SC":"Seszele","SD":"Sudan","SE":"Szwecja","SG":"Singapur","SH":"Wyspa \u015awi\u0119tej Heleny","SI":"S\u0142owenia","SJ":"Svalbard i Jan Mayen","SK":"S\u0142owacja","SL":"Sierra Leone","SM":"San Marino","SN":"Senegal","SO":"Somalia","SR":"Surinam","ST":"Wyspy \u015awi\u0119tego Tomasza i Ksi\u0105\u017c\u0119ca","SV":"Salwador","SY":"Syria","SZ":"Suazi","TC":"Turks i Caicos","TD":"Czad","TF":"Francuskie Terytoria Po\u0142udniowe","TG":"Togo","TH":"Tajlandia","TJ":"Tad\u017cykistan","TK":"Tokelau","TL":"Timor Wschodni","TM":"Turkmenistan","TN":"Tunezja","TO":"Tonga","TR":"Turcja","TT":"Trynidad i Tobago","TV":"Tuvalu","TW":"Tajwan","TZ":"Tanzania","UA":"Ukraina","UG":"Uganda","UM":"Dalekie Wyspy Mniejsze Stan\u00f3w Zjednoczonych","US":"Stany Zjednoczone","UY":"Urugwaj","UZ":"Uzbekistan","VA":"Watykan","VC":"Saint Vincent i Grenadyny","VE":"Wenezuela","VG":"Brytyjskie Wyspy Dziewicze","VI":"Wyspy Dziewicze Stan\u00f3w Zjednoczonych","VN":"Wietnam","VU":"Vanuatu","WF":"Wallis i Futuna","WS":"Samoa","YE":"Jemen","YT":"Majotta","ZA":"Republika Po\u0142udniowej Afryki","ZM":"Zambia","ZW":"Zimbabwe","ZZ":"Nieznany lub nieprawid\u0142owy region"}