{"AD":"Andora","AF":"Afganist\u00e1ni","AG":"Antigua mp\u00e9 Barbuda","AO":"Ang\u00f3la","AR":"Argentina","AX":"Albania","BA":"Bosnia na Erzegovina","BD":"B\u00e1ngalad\u025b\u0301si","BE":"B\u025b\u0301ljika","BF":"Burkina Faso","BG":"Bulgaria","BI":"Burundi","BR":"Bres\u00edli","BT":"But\u00e1ni","BW":"Botswana","BY":"Bielorusia","CA":"Kanad\u00e1","CD":"Kong\u00f3-Kins\u00e1s\u00e1","CF":"Santrafr\u00edka","CG":"Kong\u00f3-Brazzaville","CH":"Swisi","CM":"Kamerun","CN":"S\u00edna","CZ":"Republiki Sheki","DE":"Al\u00e9mani","DJ":"Djibuti","DZ":"Aljeria","EG":"Ejipti","EH":"Sahara ya l\u00edmbe","ES":"Espania","ET":"Etiopya","FI":"Finilanda","FR":"Falansia","GB":"Ing\u025bl\u025b\u0301t\u025bl\u025b","GH":"Ghana","GI":"Gibraltar","GM":"Gambia","GN":"Gine","GR":"Gresi","GW":"Gine-Bisau","HR":"Kroasia","HU":"Ungri","ID":"Indonezi\u00e1","IE":"Irland\u00ed","IN":"\u0190nd\u025b","IS":"Islandi","IT":"Italia","JO":"Zordan\u00ed","JP":"Yapan","KE":"Kenya","KG":"Kirghizist\u00e1ni","KI":"KI","KP":"Kore ya Nola","KR":"Kore ya Sidi","KZ":"Kazakst\u00e1ni","LB":"Liban","LR":"Liberia","LT":"Litwani","LU":"Luksamburg","LV":"Letoni","LY":"Lib\u00edya","MK":"Masedoni","ML":"Mali","MN":"Mongol\u00ed","MO":"Makau","MV":"Mad\u00edvi","MZ":"Mozamb\u00edki","NA":"Namibia","NE":"Nij\u00e9","NG":"Nijeria","NL":"Holanda","NO":"Norvej","NP":"Nep\u00e1li","PK":"Pakist\u00e1ni","PL":"Poloni","PT":"Pulutugal","RO":"Rumania","RU":"Rus\u00ed","RW":"Rwanda","SD":"Sudani","SE":"Sw\u00e9si","SH":"Santu Helena","SM":"Santu Marino","SO":"Somalia","ST":"S\u01ceo Tom\u00e9 na Principe","SY":"Sir\u00ed","TG":"Togo","TJ":"Tazikist\u00e1ni","TM":"Turkmenist\u00e1ni","TN":"Tunizia","TR":"Turk\u00ed","TT":"Trinidad mp\u00e9 Tobago","TW":"Taiwan","US":"Etaz\u00edni","UZ":"Uzbekist\u00e1ni","VA":"Vatik\u00e1ni","VN":"Vietnami","YE":"Yem\u00e9ni","ZA":"Sidafr\u00edka","ZM":"Zambia","ZW":"Zimbabwe","ZZ":"Es\u00edk\u00e1 ey\u00e9b\u00e1m\u00ed t\u025b\u0301"}