{"AD":"Andora","AE":"United Arab Emirates","AF":"Afganistan","AG":"Antigua ne Baabuda","AI":"Anguila","AL":"Albenia","AM":"Aamenia","AN":"N\u025bd\u025bland Antelez","AO":"Angola","AR":"Agy\u025bntina","AS":"Am\u025brika Samoa","AT":"\u0186stria","AU":"\u0186strelia","AW":"Aruba","AZ":"Azebaegyan","BA":"Bosnia ne H\u025bzegovina","BB":"Baabados","BD":"Banglad\u025bhye","BE":"B\u025blgyium","BF":"B\u0254kina Faso","BG":"B\u0254lgeria","BH":"Baren","BI":"Burundi","BJ":"B\u025bnin","BM":"B\u025bmuda","BN":"Brunae","BO":"Bolivia","BR":"Brazil","BS":"Bahama","BT":"Butan","BW":"B\u0254tswana","BY":"B\u025blarus","BZ":"Beliz","CA":"Kanada","CD":"Kongo (Zair)","CF":"Afrika Finimfin Man","CG":"Kongo","CH":"Swetzaland","CI":"La C\u00f4te d'Ivoire","CK":"Kook Nsup\u0254w","CL":"Kyili","CM":"Kam\u025brun","CN":"Kyaena","CO":"Kolombia","CR":"K\u0254sta Rika","CS":"S\u025b\u025bbea ne M\u0254nten\u025bgro","CU":"Kuba","CV":"Kepv\u025bdfo Islands","CY":"Saepr\u0254s","CZ":"Ky\u025bk Kurok\u025bse","DE":"Gyaaman","DJ":"Gyibuti","DK":"D\u025bnmak","DM":"D\u0254meneka","DO":"D\u0254meneka Kurok\u025bse","DZ":"\u0186lgyeria","EC":"Ikuwad\u0254","EE":"\u0190stonia","EG":"Nisrim","ER":"\u0190ritrea","ES":"Spain","ET":"Ithiopia","FI":"Finland","FJ":"Figyi","FK":"F\u0254lkman Aeland","FM":"Maekronehyia","FR":"Fr\u025bnkyeman","GA":"Gab\u0254n","GB":"Ahendiman Nkabom","GD":"Grenada","GE":"Gy\u0254gyea","GF":"Fr\u025bnkye Gayana","GH":"Gaana","GI":"Gyebralta","GL":"Greenman","GM":"Gambia","GN":"Gini","GP":"Guwadelup","GQ":"Gini Ikuweta","GR":"Greekman","GT":"Guwatemala","GU":"Guam","GW":"Gini Bisaw","GY":"Gayana","HN":"H\u0254nduras","HR":"Krowehyia","HT":"Heiti","HU":"Hangari","ID":"Ind\u0254nehyia","IE":"Aereland","IL":"Israel","IN":"India","IO":"Britenfo H\u0254n Man W\u0254 India Po No Mu","IQ":"Irak","IR":"Iran","IS":"Aesland","IT":"Itali","JM":"Gyameka","JO":"Gy\u0254dan","JP":"Gyapan","KE":"K\u025bnya","KG":"K\u025b\u025bgestan","KH":"Kambodia","KI":"Kiribati","KM":"K\u0254m\u0254r\u0254s","KN":"Saint Kitts ne N\u025bves","KP":"Etifi Koria","KR":"Anaafo Koria","KW":"Kuwete","KY":"Kemanfo Islands","KZ":"Kazakstan","LA":"Laos","LB":"L\u025bban\u0254n","LC":"Saint Lucia","LI":"Lektenstaen","LK":"Sri Lanka","LR":"Laeberia","LS":"L\u025bsutu","LT":"Lituwenia","LU":"Laksemb\u025bg","LV":"Latvia","LY":"Libya","MA":"Moroko","MC":"M\u0254nako","MD":"M\u0254ldova","MG":"Madagaska","MH":"Marshall Islands","MK":"Masedonia","ML":"Mali","MM":"Miyanma","MN":"M\u0254ngolia","MP":"Northern Mariana Islands","MQ":"Matinik","MR":"M\u0254retenia","MS":"Mantserat","MT":"M\u0254lta","MU":"M\u0254rehye\u0254s","MV":"Maldives","MW":"Malawi","MX":"M\u025bksiko","MY":"Malehyia","MZ":"Mozambik","NA":"Namibia","NC":"Kaledonia Foforo","NE":"Nigy\u025b","NF":"N\u0254folk Aeland","NG":"Naegyeria","NI":"Nekaraguwa","NL":"N\u025bd\u025bland","NO":"N\u0254\u0254we","NP":"N\u025bp\u0254l","NR":"Naworu","NU":"Niyu","NZ":"Ziland Foforo","OM":"Oman","PA":"Panama","PE":"Peru","PF":"Fr\u025bnkye P\u0254lenehyia","PG":"Papua Guinea Foforo","PH":"Philippines","PK":"Pakistan","PL":"Poland","PM":"Saint Pierre ne Miquelon","PN":"Pitcairn","PR":"Pu\u025bto Riko","PS":"Palestaen West Bank ne Gaza","PT":"P\u0254tugal","PW":"Palau","PY":"Paraguay","QA":"Kata","RE":"Reyuni\u0254n","RO":"Romenia","RU":"R\u0254hyea","RW":"Rwanda","SA":"Saudi Arabia","SB":"Solomon Islands","SC":"Seyhy\u025bl","SD":"Sudan","SE":"Sweden","SG":"Singap\u0254","SH":"Saint Helena","SI":"Slovinia","SK":"Slovakia","SL":"Sierra Leone","SM":"San Marino","SN":"Senegal","SO":"Somalia","SR":"Suriname","ST":"S\u00e3o Tom\u00e9 and Pr\u00edncipe","SV":"\u0190l Salvad\u0254","SY":"Siria","SZ":"Swaziland","TC":"Turks ne Caicos Islands","TD":"Kyad","TG":"Togo","TH":"Taeland","TJ":"Tajikistan","TK":"Tokelau","TL":"Tim\u0254 Boka","TM":"T\u025bkm\u025bnistan","TN":"Tunihyia","TO":"Tonga","TR":"T\u025b\u025bki","TT":"Trinidad ne Tobago","TV":"Tuvalu","TW":"Taiwan","TZ":"Tanzania","UA":"Ukren","UG":"Uganda","US":"Am\u025brika","UY":"Yurugwae","UZ":"Uzb\u025bkistan","VA":"Vatican Man","VC":"Saint Vincent ne Grenadines","VE":"Venezuela","VG":"Britainfo Virgin Islands","VI":"Am\u025brika Virgin Islands","VN":"Vi\u025btnam","VU":"Vanuatu","WF":"Wallis ne Futuna","WS":"Samoa","YE":"Y\u025bmen","YT":"May\u0254te","ZA":"Afrika Anaafo","ZM":"Zambia","ZW":"Zembabwe"}