{"AD":"Andorra","AE":"Uni\u00f3 dels Emirats \u00c0rabs","AF":"Afganistan","AG":"Antigua i Barbuda","AI":"Anguilla","AL":"Alb\u00e0nia","AM":"Arm\u00e8nia","AN":"Antilles Neerlandeses","AO":"Angola","AQ":"Ant\u00e0rtida","AR":"Argentina","AS":"Samoa Americana","AT":"\u00c0ustria","AU":"Austr\u00e0lia","AW":"Aruba","AX":"Illes \u00c5land","AZ":"Azerbaidjan","BA":"B\u00f2snia i Hercegovina","BB":"Barbados","BD":"Bangla Desh","BE":"B\u00e8lgica","BF":"Burkina Faso","BG":"Bulg\u00e0ria","BH":"Bahrain","BI":"Burundi","BJ":"Ben\u00edn","BL":"Saint Barth\u00e9lemy","BM":"Bermudes","BN":"Brunei","BO":"Bol\u00edvia","BR":"Brasil","BS":"Bahames","BT":"Bhutan","BV":"Illa Bouvet","BW":"Botswana","BY":"Bielor\u00fassia","BZ":"Belize","CA":"Canad\u00e0","CC":"Illes Cocos","CD":"Rep\u00fablica Democr\u00e0tica del Congo","CF":"Rep\u00fablica Centreafricana","CG":"Congo","CH":"Su\u00efssa","CI":"Costa d\u2019Ivori","CK":"Illes Cook","CL":"Xile","CM":"Camerun","CN":"Xina","CO":"Col\u00f2mbia","CR":"Costa Rica","CS":"S\u00e8rbia i Montenegro","CU":"Cuba","CV":"Cap Verd","CX":"Illa Christmas","CY":"Xipre","CZ":"Rep\u00fablica Txeca","DE":"Alemanya","DJ":"Djibouti","DK":"Dinamarca","DM":"Dominica","DO":"Rep\u00fablica Dominicana","DZ":"Alg\u00e8ria","EC":"Equador","EE":"Est\u00f2nia","EG":"Egipte","EH":"S\u00e0hara Occidental","ER":"Eritrea","ES":"Espanya","ET":"Eti\u00f2pia","FI":"Finl\u00e0ndia","FJ":"Fiji","FK":"Illes Malvines","FM":"Micron\u00e8sia","FO":"Illes F\u00e8roe","FR":"Fran\u00e7a","GA":"Gabon","GB":"Regne Unit","GD":"Grenada","GE":"Ge\u00f2rgia","GF":"Guaiana Francesa","GG":"Guernsey","GH":"Ghana","GI":"Gibraltar","GL":"Grenl\u00e0ndia","GM":"G\u00e0mbia","GN":"Guinea","GP":"Guadeloupe","GQ":"Guinea Equatorial","GR":"Gr\u00e8cia","GS":"Illes Ge\u00f2rgia del Sud i Sandwich del Sud","GT":"Guatemala","GU":"Guam","GW":"Guinea Bissau","GY":"Guyana","HK":"Regi\u00f3 administrativa especial xinesa de Hong Kong","HM":"Illa Heard i Illes McDonald","HN":"Hondures","HR":"Cro\u00e0cia","HT":"Hait\u00ed","HU":"Hongria","ID":"Indon\u00e8sia","IE":"Irlanda","IL":"Israel","IM":"Illa de Man","IN":"\u00cdndia","IO":"Territori Brit\u00e0nic de l'Oce\u00e0 \u00cdndic","IQ":"Iraq","IR":"Iran","IS":"Isl\u00e0ndia","IT":"It\u00e0lia","JE":"Jersey","JM":"Jamaica","JO":"Jord\u00e0nia","JP":"Jap\u00f3","KE":"Kenya","KG":"Kirguizistan","KH":"Cambodja","KI":"Kiribati","KM":"Comores","KN":"Saint Christopher i Nevis","KP":"Corea del Nord","KR":"Corea del Sud","KW":"Kuwait","KY":"Illes Caiman","KZ":"Kazakhstan","LA":"Laos","LB":"L\u00edban","LC":"Saint Lucia","LI":"Liechtenstein","LK":"Sri Lanka","LR":"Lib\u00e8ria","LS":"Lesotho","LT":"Litu\u00e0nia","LU":"Luxemburg","LV":"Let\u00f2nia","LY":"L\u00edbia","MA":"Marroc","MC":"M\u00f2naco","MD":"Mold\u00e0via","ME":"Montenegro","MF":"Saint Martin","MG":"Madagascar","MH":"Illes Marshall","MK":"Maced\u00f2nia","ML":"Mali","MM":"Myanmar","MN":"Mong\u00f2lia","MO":"Regi\u00f3 administrativa especial xinesa de Macau","MP":"Illes Mariannes del Nord","MQ":"Martinica","MR":"Maurit\u00e0nia","MS":"Montserrat","MT":"Malta","MU":"Maurici","MV":"Maldives","MW":"Malawi","MX":"M\u00e8xic","MY":"Mal\u00e0isia","MZ":"Mo\u00e7ambic","NA":"Nam\u00edbia","NC":"Nova Caled\u00f2nia","NE":"N\u00edger","NF":"Illa Norfolk","NG":"Nig\u00e8ria","NI":"Nicaragua","NL":"Pa\u00efsos Baixos","NO":"Noruega","NP":"Nepal","NR":"Nauru","NU":"Niue","NZ":"Nova Zelanda","OM":"Oman","PA":"Panam\u00e0","PE":"Per\u00fa","PF":"Polin\u00e8sia Francesa","PG":"Papua Nova Guinea","PH":"Filipines","PK":"Pakistan","PL":"Pol\u00f2nia","PM":"Saint Pierre i Miquelon","PN":"Illes Pitcairn","PR":"Puerto Rico","PS":"Palestina","PT":"Portugal","PW":"Palau","PY":"Paraguai","QA":"Qatar","RE":"Illa de la Reuni\u00f3","RO":"Romania","RS":"S\u00e8rbia","RU":"R\u00fassia","RW":"Rwanda","SA":"Ar\u00e0bia Saudita","SB":"Illes Salom\u00f3","SC":"Seychelles","SD":"Sudan","SE":"Su\u00e8cia","SG":"Singapur","SH":"Saint Helena","SI":"Eslov\u00e8nia","SJ":"Svalbard i Jan Mayen","SK":"Eslov\u00e0quia","SL":"Sierra Leone","SM":"San Marino","SN":"Senegal","SO":"Som\u00e0lia","SR":"Surinam","ST":"S\u00e3o Tom\u00e9 i Pr\u00edncipe","SV":"El Salvador","SY":"S\u00edria","SZ":"Swazil\u00e0ndia","TC":"Illes Turks i Caicos","TD":"Txad","TF":"Territoris Francesos del Sud","TG":"Togo","TH":"Tail\u00e0ndia","TJ":"Tadjikistan","TK":"Tokelau","TL":"Timor Oriental","TM":"Turkmenistan","TN":"Tun\u00edsia","TO":"Tonga","TR":"Turquia","TT":"Trinitat i Tobago","TV":"Tuvalu","TW":"Taiwan","TZ":"Tanz\u00e0nia","UA":"Ucra\u00efna","UG":"Uganda","UM":"Illes Perif\u00e8riques Menors dels EUA","US":"Estats Units","UY":"Uruguai","UZ":"Uzbekistan","VA":"Vatic\u00e0","VC":"Saint Vincent i les Grenadines","VE":"Vene\u00e7uela","VG":"Illes Verges Brit\u00e0niques","VI":"Illes Verges Nord-americanes","VN":"Vietnam","VU":"Vanuatu","WF":"Wallis i Futuna","WS":"Samoa","YE":"Iemen","YT":"Mayotte","ZA":"Rep\u00fablica de Sud-\u00e0frica","ZM":"Z\u00e0mbia","ZW":"Zimbabwe","ZZ":"Regi\u00f3 desconeguda o no v\u00e0lida"}