{"AD":"\u0c85\u0c82\u0ca1\u0ccb\u0cb0\u0cbe","AE":"\u0cb8\u0c82\u0caf\u0cc1\u0c95\u0ccd\u0ca4 \u0c85\u0cb0\u0cac\u0ccd \u0c8e\u0cae\u0cbf\u0cb0\u0cc7\u0c9f\u0cb8\u0ccd","AF":"\u0c85\u0cab\u0c98\u0cbe\u0ca8\u0cbf\u0cb8\u0ccd\u0ca5\u0cbe\u0ca8\u0ccd","AG":"\u0c86\u0c82\u0c9f\u0cbf\u0c97\u0cc1\u0cb5\u0cbe \u0cae\u0ca4\u0ccd\u0ca4\u0cc1 \u0cac\u0cb0\u0ccd\u0cac\u0cc1\u0ca1\u0cbe","AI":"\u0c86\u0c82\u0c97\u0cc1\u0caf\u0cbf\u0cb2\u0ccd\u0cb2\u0cbe","AL":"\u0c85\u0cb2\u0ccd\u0cac\u0cc7\u0ca8\u0cbf\u0caf\u0cbe","AM":"\u0c85\u0cb0\u0ccd\u0cae\u0cc7\u0ca8\u0cbf\u0caf\u0cbe","AN":"\u0ca8\u0cc6\u0ca6\u0cb0\u0ccd\u200c\u0cb2\u0ccd\u0caf\u0cbe\u0c82\u0ca1\u0ccd","AO":"\u0c85\u0c82\u0c97\u0ccb\u0cb2\u0cbe","AQ":"\u0c85\u0c82\u0c9f\u0cbe\u0cb0\u0ccd\u0c9f\u0cbf\u0c95\u0cbe","AR":"\u0c85\u0cb0\u0ccd\u0c9c\u0cc6\u0c82\u0c9f\u0cc8\u0ca8\u0cbe","AS":"\u0c85\u0cae\u0cc7\u0cb0\u0cbf\u0c95\u0ca8\u0ccd \u0cb8\u0cae\u0ccb\u0cb5\u0cbe","AT":"\u0c86\u0cb8\u0ccd\u0c9f\u0ccd\u0cb0\u0cbf\u0caf\u0cbe","AU":"\u0c86\u0cb8\u0ccd\u0c9f\u0ccd\u0cb0\u0cc7\u0cb2\u0cbf\u0caf","AW":"\u0c85\u0cb0\u0cc1\u0cac\u0cbe","AX":"\u0c86\u0cb2\u0ccd\u0caf\u0cbe\u0c82\u0ca1\u0ccd \u0ca6\u0ccd\u0cb5\u0cc0\u0caa\u0c97\u0cb3\u0cc1","AZ":"\u0c85\u0c9c\u0cb0\u0ccd\u0cac\u0cc8\u0c9c\u0cbe\u0ca8\u0ccd","BA":"\u0cac\u0ccb\u0cb8\u0ccd\u0ca8\u0cbf\u0caf\u0cbe \u0cae\u0ca4\u0ccd\u0ca4\u0cc1 \u0cb9\u0cb0\u0ccd\u0c9c\u0cc6\u0c97\u0ccb\u0cb5\u0cbf\u0ca8\u0cbe","BB":"\u0cac\u0cbe\u0cb0\u0ccd\u0cac\u0ca1\u0ccb\u0cb8\u0ccd","BD":"\u0cac\u0cbe\u0c82\u0c97\u0ccd\u0cb2\u0cbe\u0ca6\u0cc7\u0cb6\u0ccd","BE":"\u0cac\u0cc6\u0cb2\u0ccd\u0c9c\u0cbf\u0caf\u0cae\u0ccd","BF":"\u0cac\u0cc1\u0cb0\u0ccd\u0c95\u0cbf\u0ca8\u0cbe \u0cab\u0cbe\u0cb8\u0ccb","BG":"\u0cac\u0cb2\u0ccd\u0c97\u0cc7\u0cb0\u0cbf\u0caf\u0ca8\u0ccd","BH":"\u0cac\u0cb9\u0cb0\u0cc8\u0ca8\u0ccd","BI":"\u0cac\u0cc1\u0cb0\u0cc1\u0c82\u0ca1\u0cbf","BJ":"\u0cac\u0cc6\u0ca8\u0cbf\u0ca8\u0ccd","BL":"\u0cb8\u0cc7\u0c82\u0c9f\u0ccd \u0cac\u0cbe\u0cb0\u0ccd\u0ca5\u0cc6\u0cb2\u0cc6\u0cae\u0cbf","BM":"\u0cac\u0cb0\u0ccd\u0cae\u0cc1\u0ca1\u0cbe","BN":"\u0cac\u0ccd\u0cb0\u0cc2\u0ca8\u0cbf","BO":"\u0cac\u0cb2\u0ccd\u0c97\u0cc7\u0cb0\u0cbf\u0caf\u0cbe","BR":"\u0cac\u0ccd\u0cb0\u0cc6\u0c9c\u0cbf\u0cb2\u0ccd","BS":"\u0cac\u0cb9\u0cbe\u0cae\u0cbe\u0cb8\u0ccd","BT":"\u0cad\u0cc2\u0ca4\u0cbe\u0ca8\u0ccd","BV":"\u0cac\u0ccb\u0cb5\u0cc6\u0c9f\u0ccd \u0ca6\u0ccd\u0cb5\u0cc0\u0caa","BW":"\u0cac\u0ccb\u0c9f\u0ccd\u0cb8\u0ccd\u200c\u0cb5\u0cbe\u0ca8\u0cbe","BY":"\u0cac\u0cca\u0cb2\u0cbf\u0cb5\u0cbf\u0caf\u0cbe","BZ":"\u0cac\u0cc6\u0cb2\u0cbf\u0c9c\u0ccd","CA":"\u0c95\u0cc6\u0ca8\u0ca1\u0cbe","CC":"\u0c95\u0cca\u0c95\u0cca\u0cb8\u0ccd \u0ca6\u0ccd\u0cb5\u0cc0\u0caa\u0c97\u0cb3\u0cc1","CD":"\u0c95\u0cbe\u0c82\u0c97\u0ccb - \u0c95\u0cbf\u0ca8\u0ccd\u0cb6\u0cbe\u0cb8\u0cbe","CF":"\u0cae\u0ca7\u0ccd\u0caf \u0c86\u0cab\u0ccd\u0cb0\u0cbf\u0c95\u0cbe \u0c97\u0ca3\u0cb0\u0cbe\u0c9c\u0ccd\u0caf","CG":"\u0c95\u0cbe\u0c82\u0c97\u0ccb - \u0cac\u0ccd\u0cb0\u0cbe\u0c9c\u0cbe\u0cb5\u0cbf\u0cb2\u0ccd\u0cb2\u0cc7","CH":"\u0cb8\u0ccd\u0cb5\u0cbf\u0ca1\u0ccd\u0c9c\u0cb0\u0ccd\u200c\u0cb2\u0ccd\u0caf\u0cbe\u0c82\u0ca1\u0ccd","CI":"\u0c90\u0cb5\u0cb0\u0cbf \u0c95\u0ccb\u0cb8\u0ccd\u0c9f\u0ccd","CK":"\u0c95\u0cc1\u0c95\u0ccd \u0ca6\u0ccd\u0cb5\u0cc0\u0caa\u0c97\u0cb3\u0cc1","CL":"\u0c9a\u0cbf\u0cb2\u0cbf","CM":"\u0c95\u0ccd\u0caf\u0cbe\u0cae\u0cb0\u0ccb\u0ca8\u0ccd","CN":"\u0c9a\u0cc0\u0ca8","CO":"\u0c95\u0cca\u0cb2\u0c82\u0cac\u0cbf\u0caf\u0cbe","CR":"\u0c95\u0cca\u0cb8\u0ccd\u0c9f\u0cbe \u0cb0\u0cbf\u0c95\u0cbe","CS":"\u0cb8\u0cc6\u0cb0\u0ccd\u0cac\u0cbf\u0caf\u0cbe \u0cae\u0ca4\u0ccd\u0ca4\u0cc1 \u0cae\u0cca\u0c82\u0c9f\u0cca\u0ca8\u0cc6\u0c97\u0ccd\u0cb0\u0ccb","CU":"\u0c95\u0ccd\u0caf\u0cc2\u0cac\u0cbe","CV":"\u0c95\u0cc7\u0caa\u0ccd \u0cb5\u0cb0\u0ccd\u0ca1\u0cc6","CX":"\u0c95\u0ccd\u0cb0\u0cbf\u0cb8\u0ccd\u200c\u0cae\u0cb8\u0ccd \u0ca6\u0ccd\u0cb5\u0cc0\u0caa","CY":"\u0cb8\u0cc8\u0caa\u0ccd\u0cb0\u0cb8\u0ccd","CZ":"\u0c9a\u0cc6\u0c95\u0ccd \u0cb0\u0cbf\u0caa\u0cac\u0ccd\u0cb2\u0cbf\u0c95\u0ccd","DE":"\u0c9c\u0cb0\u0ccd\u0cae\u0ca8\u0cbf","DJ":"\u0c9c\u0cbf\u0cac\u0ccb\u0c9f\u0cbf","DK":"\u0ca1\u0cc6\u0ca8\u0ccd\u0cae\u0cbe\u0cb0\u0ccd\u0c95\u0ccd","DM":"\u0ca1\u0cca\u0cae\u0cbf\u0ca8\u0cbf\u0c95\u0cbe","DO":"\u0ca1\u0cca\u0cae\u0cc6\u0ca8\u0cbf\u0c95\u0ccd \u0cb0\u0cbf\u0caa\u0cac\u0ccd\u0cb2\u0cbf\u0c95\u0ccd","DZ":"\u0c85\u0cb2\u0ccd\u0c97\u0cc7\u0cb0\u0cbf\u0caf\u0cbe","EC":"\u0c88\u0c95\u0ccd\u0cb5\u0cc6\u0ca1\u0cbe\u0cb0\u0ccd","EE":"\u0c8e\u0cb8\u0ccd\u0ca4\u0cca\u0ca8\u0cbf\u0caf","EG":"\u0c88\u0c9c\u0cbf\u0caa\u0ccd\u0c9f\u0ccd","EH":"\u0caa\u0cb6\u0ccd\u0c9a\u0cbf\u0cae \u0cb8\u0cb9\u0cbe\u0cb0\u0cbe","ER":"\u0c8f\u0cb0\u0cbf\u0c9f\u0ccd\u0cb0\u0cbf\u0caf\u0cbe","ES":"\u0cb8\u0ccd\u0caa\u0cc8\u0ca8\u0ccd","ET":"\u0c87\u0ca5\u0cbf\u0caf\u0ccb\u0caa\u0cbf\u0caf\u0cbe","FI":"\u0cab\u0cbf\u0ca8\u0ccd\u200d\u200d\u0cb2\u0ccd\u0caf\u0cbe\u0c82\u0ca1\u0ccd","FJ":"\u0cab\u0cbf\u0c9c\u0cbf","FK":"\u0cab\u0ccd\u0cb9\u0cbe\u0c95\u0ccd\u200c\u0cb2\u0ccd\u0caf\u0cbe\u0c82\u0ca1\u0ccd \u0ca6\u0ccd\u0cb5\u0cc0\u0caa\u0c97\u0cb3\u0cc1","FM":"\u0cae\u0cc8\u0c95\u0ccd\u0cb0\u0ccb\u0ca8\u0cc7\u0cb6\u0cbf\u0caf\u0cbe","FO":"\u0cab\u0cb0\u0ccb \u0ca6\u0ccd\u0cb5\u0cc0\u0caa\u0c97\u0cb3\u0cc1","FR":"\u0cab\u0ccd\u0cb0\u0cbe\u0ca8\u0ccd\u0cb8\u0ccd","GA":"\u0c97\u0cc6\u0cac\u0cca\u0ca8\u0ccd","GB":"\u0cac\u0ccd\u0cb0\u0cbf\u0c9f\u0ca8\u0ccd\/\u0c87\u0c82\u0c97\u0ccd\u0cb2\u0cc6\u0c82\u0ca1\u0ccd","GD":"\u0c97\u0ccd\u0cb0\u0cc6\u0ca8\u0cc6\u0ca1\u0cbe","GE":"\u0c9c\u0cbe\u0cb0\u0ccd\u0c9c\u0cbf\u0caf\u0cbe","GF":"\u0cab\u0ccd\u0cb0\u0cc6\u0c82\u0c9a\u0ccd \u0c97\u0caf\u0cbe\u0ca8\u0cbe","GG":"\u0c97\u0cc1\u0cb0\u0ccd\u0ca8\u0c9c\u0cc0","GH":"\u0c98\u0cbe\u0ca8\u0cbe","GI":"\u0c97\u0cbf\u0cac\u0ccd\u0cb0\u0cbe\u0cb2\u0ccd\u0c9f\u0cb0\u0ccd","GL":"\u0c97\u0ccd\u0cb0\u0cc0\u0ca8\u0ccd\u200c\u0cb2\u0ccd\u0caf\u0cbe\u0c82\u0ca1\u0ccd","GM":"\u0c97\u0ccd\u0caf\u0cbe\u0c82\u0cac\u0cbf\u0caf\u0cbe","GN":"\u0c97\u0cbf\u0ca8\u0cbf","GP":"\u0c97\u0cc1\u0ca1\u0cc6\u0cb2\u0ccb\u0caa\u0ccd","GQ":"\u0c88\u0c95\u0ccd\u0cb5\u0cc6\u0c9f\u0ccb\u0cb0\u0cbf\u0caf\u0cb2\u0ccd \u0c97\u0cbf\u0ca8\u0cbf","GR":"\u0c97\u0ccd\u0cb0\u0cc0\u0cb8\u0ccd","GS":"\u0ca6\u0c95\u0ccd\u0cb7\u0cbf\u0ca3 \u0c9c\u0cbe\u0cb0\u0ccd\u0c9c\u0cbf\u0caf\u0cbe \u0cae\u0ca4\u0ccd\u0ca4\u0cc1 \u0ca6\u0c95\u0ccd\u0cb7\u0cbf\u0ca3 \u0cb8\u0ccd\u0caf\u0cbe\u0c82\u0ca1\u0ccd\u200c\u0cb5\u0cbf\u0c9a\u0ccd \u0ca6\u0ccd\u0cb5\u0cc0\u0caa\u0c97\u0cb3\u0cc1","GT":"\u0c97\u0ccd\u0cb5\u0cbe\u0c9f\u0cc6\u0cae\u0cbe\u0cb2\u0cbe","GU":"\u0c97\u0cc1\u0caf\u0cbe\u0cae\u0ccd","GW":"\u0c97\u0cbf\u0ca8\u0cbf-\u0cac\u0cbf\u0cb8\u0ccd\u0cb8\u0cbe\u0cb5\u0ccd","GY":"\u0c97\u0caf\u0cbe\u0ca8\u0cbe","HK":"\u0cb9\u0cbe\u0c82\u0c97\u0ccd \u0c95\u0cbe\u0c82\u0c97\u0ccd SAR \u0c9a\u0cc0\u0ca8\u0cbe","HM":"\u0cb9\u0cb0\u0ccd\u0ca1\u0ccd \u0ca6\u0ccd\u0cb5\u0cc0\u0caa \u0cae\u0ca4\u0ccd\u0ca4\u0cc1 \u0cae\u0cbe\u0c95\u0ccd\u200c\u0ca1\u0cca\u0ca8\u0cbe\u0cb2\u0ccd\u0ca1\u0ccd \u0ca6\u0ccd\u0cb5\u0cc0\u0caa\u0c97\u0cb3\u0cc1","HN":"\u0cb9\u0cca\u0c82\u0ca1\u0cc1\u0cb0\u0cbe\u0cb8\u0ccd","HR":"\u0c95\u0ccd\u0cb0\u0ccb\u0caf\u0cc7\u0cb6\u0cbf\u0caf\u0cbe","HT":"\u0cb9\u0cc8\u0c9f\u0cbf","HU":"\u0cb9\u0c82\u0c97\u0cc7\u0cb0\u0cbf","ID":"\u0c87\u0c82\u0ca1\u0ccb\u0ca8\u0cc7\u0cb6\u0cbf\u0caf\u0cbe","IE":"\u0c90\u0cb0\u0ccd\u0cb2\u0cc6\u0c82\u0ca1\u0ccd","IL":"\u0c87\u0cb8\u0ccd\u0cb0\u0cc7\u0cb2\u0ccd","IM":"\u0c90\u0cb2\u0ccd \u0c86\u0cab\u0ccd \u0cae\u0ccd\u0caf\u0cbe\u0ca8\u0ccd","IN":"\u0cad\u0cbe\u0cb0\u0ca4","IO":"\u0cac\u0ccd\u0cb0\u0cbf\u0c9f\u0cc0\u0cb6\u0ccd \u0c87\u0c82\u0ca1\u0cbf\u0caf\u0ca8\u0ccd \u0cae\u0cb9\u0cbe\u0cb8\u0cbe\u0c97\u0cb0 \u0caa\u0ccd\u0cb0\u0ca6\u0cc7\u0cb6","IQ":"\u0c87\u0cb0\u0cbe\u0c95\u0ccd","IR":"\u0c87\u0cb0\u0cbe\u0ca8\u0ccd","IS":"\u0c90\u0cb8\u0ccd\u200c\u0cb2\u0ccd\u0caf\u0cbe\u0c82\u0ca1\u0ccd","IT":"\u0c87\u0c9f\u0cb2\u0cbf","JE":"\u0c9c\u0cc6\u0cb0\u0ccd\u0cb8\u0cbf","JM":"\u0c9c\u0cae\u0cc8\u0c95\u0cbe","JO":"\u0c9c\u0ccb\u0cb0\u0ccd\u0ca1\u0cbe\u0ca8\u0ccd","JP":"\u0c9c\u0caa\u0cbe\u0ca8\u0ccd","KE":"\u0c95\u0cc0\u0ca8\u0ccd\u0caf\u0cbe","KG":"\u0c95\u0cbf\u0cb0\u0ccd\u0c97\u0cbf\u0cb8\u0ccd\u0ca5\u0cbe\u0ca8\u0ccd","KH":"\u0c95\u0cbe\u0c82\u0cac\u0ccb\u0ca1\u0cbf\u0caf\u0cbe","KI":"\u0c95\u0cbf\u0cb0\u0cbf\u0cac\u0cbe\u0ca4\u0cbf","KM":"\u0c95\u0cca\u0cae\u0cca\u0cb0\u0cca\u0cb8\u0ccd","KN":"\u0cb8\u0cc7\u0c82\u0c9f\u0ccd \u0c95\u0cbf\u0c9f\u0ccd\u0cb8\u0ccd \u0cae\u0ca4\u0ccd\u0ca4\u0cc1 \u0ca8\u0cc6\u0cb5\u0cbf\u0cb8\u0ccd","KP":"\u0c89\u0ca4\u0ccd\u0ca4\u0cb0 \u0c95\u0ccb\u0cb0\u0cbf\u0caf\u0cbe","KR":"\u0ca6\u0c95\u0ccd\u0cb7\u0cbf\u0ca3 \u0c95\u0ccb\u0cb0\u0cbf\u0caf\u0cbe","KW":"\u0c95\u0cc1\u0cb5\u0cc8\u0ca4\u0ccd","KY":"\u0c95\u0cc7\u0cae\u0ca8\u0ccd \u0ca6\u0ccd\u0cb5\u0cc0\u0caa\u0c97\u0cb3\u0cc1","KZ":"\u0c95\u0c9d\u0cbe\u0c95\u0cbf\u0cb8\u0ccd\u0ca5\u0cbe\u0ca8\u0ccd","LA":"\u0cb2\u0cbe\u0cb5\u0ccb\u0cb8\u0ccd","LB":"\u0cb2\u0cc6\u0cac\u0ca8\u0cbe\u0ca8\u0ccd","LC":"\u0cb8\u0cc7\u0c82\u0c9f\u0ccd \u0cb2\u0cc2\u0cb8\u0cbf\u0caf\u0cbe","LI":"\u0cb2\u0cbf\u0c9a\u0cc6\u0ca8\u0ccd\u200c\u0cb8\u0ccd\u0c9f\u0cc8\u0ca8\u0ccd","LK":"\u0cb6\u0ccd\u0cb0\u0cc0\u0cb2\u0c82\u0c95\u0cbe","LR":"\u0cb2\u0cbf\u0cac\u0cc7\u0cb0\u0cbf\u0caf\u0cbe","LS":"\u0cb2\u0cc6\u0ca5\u0ccb\u0cb8\u0cca","LT":"\u0cb2\u0cbf\u0ca5\u0cc1\u0cb5\u0cc7\u0ca8\u0cbf\u0caf\u0cbe","LU":"\u0cb2\u0c95\u0ccd\u0cb8\u0c82\u0cac\u0cb0\u0ccd\u0c97\u0ccd","LV":"\u0cb2\u0cbe\u0c9f\u0ccd\u0cb5\u0cbf\u0caf\u0cbe","LY":"\u0cb2\u0cbf\u0cac\u0cbf\u0caf\u0cbe","MA":"\u0cae\u0cca\u0cb0\u0cbe\u0c95\u0ccd\u0c95\u0cca","MC":"\u0cae\u0cca\u0ca8\u0cbe\u0c95\u0cca","MD":"\u0cae\u0cca\u0cb2\u0ccd\u0ca1\u0ccb\u0cb5\u0cbe","ME":"\u0cae\u0cca\u0c82\u0c9f\u0cc6\u0ca8\u0cc6\u0c97\u0ccd\u0cb0\u0ccb","MF":"\u0cb8\u0cc7\u0c82\u0c9f\u0ccd \u0cae\u0cbe\u0cb0\u0ccd\u0c9f\u0cbf\u0ca8\u0ccd","MG":"\u0cae\u0ca1\u0c97\u0cbe\u0cb8\u0ccd\u0c95\u0cb0\u0ccd","MH":"\u0cae\u0cbe\u0cb0\u0ccd\u0cb6\u0cb2\u0ccd \u0ca6\u0ccd\u0cb5\u0cc0\u0caa\u0c97\u0cb3\u0cc1","MK":"\u0cae\u0ccd\u0caf\u0cbe\u0cb8\u0cbf\u0ca1\u0ccb\u0ca8\u0cbf\u0caf\u0cbe","ML":"\u0cae\u0cbe\u0cb2\u0cbf","MM":"\u0cae\u0caf\u0ca8\u0ccd\u0cae\u0cbe\u0cb0\u0ccd","MN":"\u0cae\u0cca\u0c82\u0c97\u0ccb\u0cb2\u0cbf\u0caf\u0cbe","MO":"\u0cae\u0c95\u0cbe\u0cb5\u0ccd SAR \u0c9a\u0cc0\u0ca8\u0cbe","MP":"\u0c89\u0ca4\u0ccd\u0ca4\u0cb0 \u0cae\u0cb0\u0cbf\u0caf\u0cbe\u0ca8\u0cbe \u0ca6\u0ccd\u0cb5\u0cc0\u0caa\u0c97\u0cb3\u0cc1","MQ":"\u0cae\u0cbe\u0cb0\u0ccd\u0c9f\u0cbf\u0ca8\u0cbf\u0c95\u0ccd","MR":"\u0cae\u0cbe\u0cb0\u0cbf\u0c9f\u0cbe\u0ca8\u0cbf\u0caf\u0cbe","MS":"\u0cae\u0ccb\u0c82\u0c9f\u0ccd\u200c\u0cb8\u0cc6\u0cb0\u0cc6\u0c9f\u0ccd","MT":"\u0cae\u0cbe\u0cb2\u0ccd\u0c9f\u0cbe","MU":"\u0cae\u0cbe\u0cb0\u0cbf\u0cb6\u0cbf\u0caf\u0cb8\u0ccd","MV":"\u0cae\u0cbe\u0cb2\u0ccd\u0ca1\u0cbf\u0cb5\u0ccd\u0cb8\u0ccd","MW":"\u0cae\u0cb2\u0cbe\u0cb5\u0cbf","MX":"\u0cae\u0cc6\u0c95\u0ccd\u0cb8\u0cbf\u0c95\u0cca","MY":"\u0cae\u0cb2\u0cc7\u0cb6\u0cbf\u0caf\u0cbe","MZ":"\u0cae\u0cca\u0c9c\u0cbe\u0c82\u0cac\u0cbf\u0c95\u0ccd","NA":"\u0ca8\u0cae\u0cc0\u0cac\u0cbf\u0caf\u0cbe","NC":"\u0ca8\u0ccd\u0caf\u0cc2 \u0c95\u0ccd\u0caf\u0cbe\u0cb2\u0cbf\u0ca1\u0ccb\u0ca8\u0cbf\u0caf\u0cbe","NE":"\u0ca8\u0cc8\u0c9c\u0cb0\u0ccd","NF":"\u0ca8\u0cbe\u0cb0\u0ccd\u200c\u0cab\u0ccb\u0c95\u0ccd \u0ca6\u0ccd\u0cb5\u0cc0\u0caa","NG":"\u0ca8\u0cc8\u0c9c\u0cc0\u0cb0\u0cbf\u0caf\u0cbe","NI":"\u0ca8\u0cbf\u0c95\u0cbe\u0cb0\u0cbe\u0c97\u0cc1\u0cb5\u0cbe","NL":"\u0ca8\u0cc6\u0ca6\u0cb0\u0ccd\u200c\u0cb2\u0ccd\u0caf\u0cbe\u0c82\u0ca1\u0ccd\u0cb8\u0ccd","NO":"\u0ca8\u0cbe\u0cb0\u0ccd\u0cb5\u0cc7","NP":"\u0ca8\u0cc7\u0caa\u0cbe\u0cb3","NR":"\u0ca8\u0ccc\u0cb0\u0cc1","NU":"\u0ca8\u0cbf\u0caf\u0cc1","NZ":"\u0ca8\u0ccd\u0caf\u0cc2\u0c9c\u0cbf\u0cb2\u0cc6\u0c82\u0ca1\u0ccd","OM":"\u0c93\u0cae\u0ca8\u0ccd","PA":"\u0caa\u0ca8\u0cbe\u0cae\u0cbe","PE":"\u0caa\u0cc6\u0cb0\u0cc1","PF":"\u0cab\u0ccd\u0cb0\u0cc6\u0c82\u0c9a\u0ccd \u0caa\u0ccb\u0cb2\u0cbf\u0ca8\u0cc7\u0cb6\u0cbf\u0caf\u0cbe","PG":"\u0caa\u0caa\u0cc1\u0cb5\u0cbe \u0ca8\u0ccd\u0caf\u0cc2\u0c97\u0cc0\u0ca8\u0cbf\u0caf\u0cbe","PH":"\u0cab\u0cbf\u0cb2\u0cbf\u0cab\u0cc8\u0ca8\u0ccd\u0cb8\u0ccd","PK":"\u0caa\u0cbe\u0c95\u0cbf\u0cb8\u0ccd\u0ca4\u0cbe\u0ca8","PL":"\u0caa\u0ccb\u0cb2\u0ccd\u0caf\u0cbe\u0c82\u0ca1\u0ccd","PM":"\u0cb8\u0cc7\u0c82\u0c9f\u0ccd \u0caa\u0cbf\u0caf\u0cb0\u0cc6 \u0cae\u0ca4\u0ccd\u0ca4\u0cc1 \u0cae\u0cbf\u0c95\u0cc6\u0cb2\u0ca8\u0ccd","PN":"\u0caa\u0cbf\u0c9f\u0ccd\u200c\u0c95\u0cc8\u0cb0\u0ccd\u0ca8\u0ccd","PR":"\u0caa\u0ccd\u0caf\u0cc2\u0cb0\u0ccd\u0c9f\u0ccb \u0cb0\u0cbf\u0c95\u0cca","PS":"\u0caa\u0ccd\u0caf\u0cbe\u0cb2\u0cbf\u0cb8\u0ccd\u0c9f\u0cc7\u0ca8\u0cbf\u0caf\u0ca8\u0ccd \u0caa\u0ccd\u0cb0\u0ca6\u0cc7\u0cb6","PT":"\u0caa\u0ccb\u0cb0\u0ccd\u0c9a\u0cc1\u0c97\u0cb2\u0ccd","PW":"\u0caa\u0cb2\u0cbe\u0cb5\u0cc1","PY":"\u0caa\u0cb0\u0cbe\u0c97\u0ccd\u0cb5\u0cc7","QA":"\u0c95\u0ca4\u0cbe\u0cb0\u0ccd","RE":"\u0cb0\u0cc0\u0caf\u0cc2\u0ca8\u0cbf\u0caf\u0ca8\u0ccd","RO":"\u0cb0\u0cca\u0cae\u0ccd\u0caf\u0cbe\u0ca8\u0cbf\u0caf\u0cbe","RS":"\u0cb8\u0cc6\u0cb0\u0ccd\u0cac\u0cbf\u0caf\u0cbe","RU":"\u0cb0\u0cb6\u0cbf\u0caf\u0cbe","RW":"\u0cb0\u0cc1\u0cb5\u0cbe\u0c82\u0ca1\u0cbe","SA":"\u0cb8\u0ccc\u0ca6\u0cbf \u0c85\u0cb0\u0cc7\u0cac\u0cbf\u0caf\u0cbe","SB":"\u0cb8\u0cca\u0cb2\u0cca\u0cae\u0ca8\u0ccd \u0ca6\u0ccd\u0cb5\u0cc0\u0caa\u0c97\u0cb3\u0cc1","SC":"\u0cb8\u0cc0\u0cb6\u0cc6\u0cb2\u0ccd\u0cb2\u0cc6\u0cb8\u0ccd","SD":"\u0cb8\u0cc2\u0ca1\u0cbe\u0ca8\u0ccd","SE":"\u0cb8\u0ccd\u0cb5\u0cc0\u0ca1\u0ca8\u0ccd","SG":"\u0cb8\u0cbf\u0c82\u0c97\u0caa\u0cc1\u0cb0","SH":"\u0cb8\u0cc7\u0c82\u0c9f\u0ccd \u0cb9\u0cc6\u0cb2\u0cc6\u0ca8\u0cbe","SI":"\u0cb8\u0ccd\u0cb2\u0ccb\u0cb5\u0cc7\u0ca8\u0cbf\u0caf\u0cbe","SJ":"\u0cb8\u0ccd\u0cb5\u0cbe\u0cb2\u0ccd\u0cac\u0cbe\u0cb0\u0ccd\u0ca1\u0ccd \u0cae\u0ca4\u0ccd\u0ca4\u0cc1 \u0c9c\u0cbe\u0ca8\u0ccd \u0cae\u0cbe\u0caf\u0cc6\u0ca8\u0ccd","SK":"\u0cb8\u0ccd\u0cb2\u0ccb\u0cb5\u0cbe\u0c95\u0cbf\u0caf\u0cbe","SL":"\u0cb8\u0cbf\u0caf\u0cc6\u0cb0\u0ccd\u0cb0\u0cbe \u0cb2\u0cbf\u0caf\u0ccb\u0ca8\u0ccd","SM":"\u0cb8\u0ccd\u0caf\u0cbe\u0ca8\u0ccd \u0cae\u0cc6\u0cb0\u0cbf\u0ca8\u0ccb","SN":"\u0cb8\u0cc6\u0ca8\u0cc6\u0c97\u0cb2\u0ccd","SO":"\u0cb8\u0cca\u0cae\u0cbe\u0cb2\u0cbf\u0caf\u0cbe","SR":"\u0cb8\u0cc1\u0cb0\u0cbf\u0ca8\u0cbe\u0cae","ST":"\u0cb8\u0cbe\u0cb5\u0ccb \u0c9f\u0ccb\u0cae\u0ccd \u0cae\u0ca4\u0ccd\u0ca4\u0cc1 \u0caa\u0ccd\u0cb0\u0cbf\u0ca8\u0ccd\u0cb8\u0cbf\u0caa\u0cc6","SV":"\u0c8e\u0cb2\u0ccd \u0cb8\u0cbe\u0cb2\u0ccd\u0cb5\u0cc7\u0ca1\u0cbe\u0cb0\u0ccd","SY":"\u0cb8\u0cbf\u0cb0\u0cbf\u0caf\u0cbe","SZ":"\u0cb8\u0ccd\u0cb5\u0cbe\u0c9c\u0cbf\u0cb2\u0ccd\u0caf\u0cbe\u0c82\u0ca1\u0ccd","TC":"\u0c9f\u0cb0\u0ccd\u0c95\u0ccd\u0cb8\u0ccd \u0cae\u0ca4\u0ccd\u0ca4\u0cc1 \u0c95\u0cc8\u0c95\u0ccb\u0cb8\u0ccd \u0ca6\u0ccd\u0cb5\u0cc0\u0caa\u0c97\u0cb3\u0cc1","TD":"\u0c9a\u0cbe\u0ca1\u0ccd","TF":"\u0cab\u0ccd\u0cb0\u0cc6\u0c82\u0c9a\u0ccd \u0ca6\u0c95\u0ccd\u0cb7\u0cbf\u0ca3 \u0caa\u0ccd\u0cb0\u0ca6\u0cc7\u0cb6\u0c97\u0cb3\u0cc1","TG":"\u0c9f\u0ccb\u0c97\u0ccb","TH":"\u0ca5\u0cc8\u0cb2\u0ccd\u0caf\u0cbe\u0c82\u0ca1\u0ccd","TJ":"\u0ca4\u0c9c\u0cbe\u0c95\u0cbf\u0cb8\u0ccd\u0ca5\u0cbe\u0ca8\u0ccd","TK":"\u0c9f\u0cca\u0c95\u0cc6\u0cb2\u0cbe\u0cb5\u0ccd","TL":"\u0caa\u0cc2\u0cb0\u0ccd\u0cb5 \u0ca4\u0cbf\u0cae\u0ccb\u0cb0\u0ccd","TM":"\u0ca4\u0cc1\u0cb0\u0ccd\u0c95\u0cae\u0cc6\u0ca8\u0cbf\u0cb8\u0ccd\u0ca5\u0cbe\u0ca8\u0ccd","TN":"\u0c9f\u0cc1\u0ca8\u0cbf\u0cb6\u0cbf\u0caf\u0cbe","TO":"\u0c9f\u0cca\u0c82\u0c97","TR":"\u0c9f\u0cb0\u0ccd\u0c95\u0cbf","TT":"\u0c9f\u0ccd\u0cb0\u0cbf\u0ca8\u0cbf\u0ca1\u0cbe\u0ca1\u0ccd \u0cae\u0ca4\u0ccd\u0ca4\u0cc1 \u0c9f\u0cca\u0cac\u0ccd\u0caf\u0cbe\u0c97\u0cca","TV":"\u0c9f\u0cc1\u0cb5\u0cbe\u0cb2\u0cc1","TW":"\u0ca5\u0cc8\u0cb5\u0cbe\u0ca8\u0ccd","TZ":"\u0c9f\u0cbe\u0c82\u0c9c\u0cbe\u0ca8\u0cbf\u0caf\u0cbe","UA":"\u0c89\u0c95\u0ccd\u0cb0\u0cc8\u0ca8\u0ccd","UG":"\u0c89\u0c97\u0cbe\u0c82\u0ca1\u0cbe","UM":"\u0cb8\u0c82\u0caf\u0cc1\u0c95\u0ccd\u0ca4 \u0cb8\u0c82\u0cb8\u0ccd\u0ca5\u0cbe\u0ca8 \u0cae\u0cc8\u0ca8\u0cb0\u0ccd \u0c94\u0c9f\u0ccd\u200c\u0cb2\u0cc8\u0caf\u0cbf\u0c82\u0c97\u0ccd \u0ca6\u0ccd\u0cb5\u0cc0\u0caa\u0c97\u0cb3\u0cc1","US":"\u0c85\u0cae\u0cc7\u0cb0\u0cbf\u0c95\u0cbe \u0cb8\u0c82\u0caf\u0cc1\u0c95\u0ccd\u0ca4 \u0cb8\u0c82\u0cb8\u0ccd\u0ca5\u0cbe\u0ca8","UY":"\u0c89\u0cb0\u0cc1\u0c97\u0ccd\u0cb5\u0cc7","UZ":"\u0c89\u0c9c\u0ccd\u0cac\u0cc7\u0c95\u0cbf\u0cb8\u0ccd\u0ca5\u0cbe\u0ca8\u0ccd","VA":"\u0cb5\u0ccd\u0caf\u0cbe\u0c9f\u0cbf\u0c95\u0ca8\u0ccd","VC":"\u0cb8\u0cc7\u0c82\u0c9f\u0ccd \u0cb5\u0cbf\u0ca8\u0ccd\u0cb8\u0cc6\u0c82\u0c9f\u0ccd \u0cae\u0ca4\u0ccd\u0ca4\u0cc1 \u0c97\u0ccd\u0cb0\u0cc6\u0ca8\u0cc6\u0ca1\u0cc8\u0ca8\u0ccd\u0cb8\u0ccd","VE":"\u0cb5\u0cc6\u0ca8\u0cc6\u0c9c\u0cc1\u0cb5\u0cc6\u0cb2\u0cbe","VG":"\u0cac\u0ccd\u0cb0\u0cbf\u0c9f\u0cbf\u0cb7\u0ccd \u0cb5\u0cb0\u0ccd\u0c9c\u0cbf\u0ca8\u0ccd \u0ca6\u0ccd\u0cb5\u0cc0\u0caa\u0c97\u0cb3\u0cc1","VI":"\u0caf\u0cc1.\u0c8e\u0cb8\u0ccd. \u0cb5\u0cb0\u0ccd\u0c9c\u0cbf\u0ca8\u0ccd \u0ca6\u0ccd\u0cb5\u0cc0\u0caa\u0c97\u0cb3\u0cc1","VN":"\u0cb5\u0cbf\u0caf\u0cc7\u0c9f\u0ccd\u0ca8\u0cbe\u0cae\u0ccd","VU":"\u0cb5\u0ca8\u0ccc\u0c9f\u0cc1","WF":"\u0cb5\u0cbe\u0cb2\u0cbf\u0cb8\u0ccd \u0cae\u0ca4\u0ccd\u0ca4\u0cc1 \u0cab\u0cc1\u0c9f\u0cc1\u0ca8\u0cbe","WS":"\u0cb8\u0cae\u0ccb\u0cb5\u0cbe","YE":"\u0caf\u0cc6\u0cae\u0ca8\u0ccd","YT":"\u0cae\u0caf\u0cca\u0c9f\u0ccd\u0c9f\u0cc6","ZA":"\u0ca6\u0c95\u0ccd\u0cb7\u0cbf\u0ca3 \u0c86\u0cab\u0ccd\u0cb0\u0cbf\u0c95\u0cbe","ZM":"\u0c9d\u0cbe\u0c82\u0cac\u0cbf\u0caf\u0cbe","ZW":"\u0c9c\u0cbf\u0c82\u0cac\u0cbe\u0cac\u0ccd\u0cb5\u0cc6","ZZ":"\u0c85\u0caa\u0cb0\u0cbf\u0c9a\u0cbf\u0ca4 \u0c85\u0ca5\u0cb5\u0cbe \u0c85\u0cae\u0cbe\u0ca8\u0ccd\u0caf \u0caa\u0ccd\u0cb0\u0ca6\u0cc7\u0cb6"}