{"AD":"Andora","AE":"Jungtiniai Arab\u0173 Emyratai","AF":"Afganistanas","AG":"Antigva ir Barbuda","AI":"Angilija","AL":"Albanija","AM":"Arm\u0117nija","AN":"Olandijos Antilai","AO":"Angola","AQ":"Antarktis","AR":"Argentina","AS":"Amerikos Samoa","AT":"Austrija","AU":"Australija","AW":"Aruba","AX":"Aland\u0173 salos","AZ":"Azerbaid\u017eanas","BA":"Bosnija ir Hercegovina","BB":"Barbadosas","BD":"Banglade\u0161as","BE":"Belgija","BF":"Burkina Fasas","BG":"Bulgarija","BH":"Bahreinas","BI":"Burundis","BJ":"Beninas","BL":"\u0160vento Baltramiejaus sala","BM":"Bermuda","BN":"Brun\u0117jus","BO":"Bolivija","BR":"Brazilija","BS":"Bahamos","BT":"Butanas","BV":"Bouvet sala","BW":"Botsvana","BY":"Baltarusija","BZ":"Belizas","CA":"Kanada","CC":"Kokos\u0173 salos","CD":"Kongo Demokratin\u0117 Respublika","CF":"Centrin\u0117s Afrikos Respublika","CG":"Kongas","CH":"\u0160veicarija","CI":"Dramblio Kaulo Krantas","CK":"Kuko salos","CL":"\u010cil\u0117","CM":"Kamer\u016bnas","CN":"Kinija","CO":"Kolumbija","CR":"Kosta Rika","CS":"Serbija ir Juodkalnija","CU":"Kuba","CV":"\u017daliasis Ky\u0161ulys","CX":"Kal\u0117d\u0173 sala","CY":"Kipras","CZ":"\u010cekija","DE":"Vokietija","DJ":"D\u017eibutis","DK":"Danija","DM":"Dominika","DO":"Dominikos Respublika","DZ":"Al\u017eyras","EC":"Ekvadoras","EE":"Estija","EG":"Egiptas","EH":"Vakar\u0173 Sachara","ER":"Eritr\u0117ja","ES":"Ispanija","ET":"Etiopija","FI":"Suomija","FJ":"Fid\u017eis","FK":"Falklando salos","FM":"Mikronezija","FO":"Farer\u0173 salos","FR":"Pranc\u016bzija","GA":"Gabonas","GB":"Did\u017eioji Britanija","GD":"Grenada","GE":"Gruzija","GF":"Pranc\u016bzijos Gviana","GG":"Guernsis","GH":"Gana","GI":"Gibraltaras","GL":"Grenlandija","GM":"Gambija","GN":"Gvin\u0117ja","GP":"Gvadelup\u0117","GQ":"Pusiaujo Gvin\u0117ja","GR":"Graikija","GS":"Piet\u0173 D\u017eord\u017eija ir Piet\u0173 Sandvi\u010do salos","GT":"Gvatemala","GU":"Guamas","GW":"Bisau Gvin\u0117ja","GY":"Gajana","HK":"Kinijos S.A.R.Honkongas","HM":"Heardo ir McDonaldo Sal\u0173 Sritis","HN":"Hond\u016bras","HR":"Kroatija","HT":"Haitis","HU":"Vengrija","ID":"Indonezija","IE":"Airija","IL":"Izraelis","IM":"Meino sala","IN":"Indija","IO":"Indijos vandenyno brit\u0173 sritis","IQ":"Irakas","IR":"Iranas","IS":"Islandija","IT":"Italija","JE":"D\u017eersis","JM":"Jamaika","JO":"Jordanija","JP":"Japonija","KE":"Kenija","KG":"Kirgiztanas","KH":"Kambod\u017ea","KI":"Kiribatis","KM":"Komorai","KN":"Sent Kitsas ir Nevis","KP":"\u0160iaur\u0117s Kor\u0117ja","KR":"Piet\u0173 Kor\u0117ja","KW":"Kuveitas","KY":"Kaiman\u0173 salos","KZ":"Kazachstanas","LA":"Laosas","LB":"Libanas","LC":"\u0160ventoji Liucija","LI":"Lichten\u0161teinas","LK":"\u0160ri Lanka","LR":"Liberija","LS":"Lesotas","LT":"Lietuva","LU":"Liuksemburgas","LV":"Latvija","LY":"Libija","MA":"Marokas","MC":"Monakas","MD":"Moldova","ME":"Juodkalnija","MF":"Saint-Martin","MG":"Madagaskaras","MH":"Mar\u0161alo Salos","MK":"Makedonija","ML":"Malis","MM":"Mianmaras","MN":"Mongolija","MO":"Macao","MP":"Marianos \u0161iaurin\u0117s salos","MQ":"Martinika","MR":"Mauritanija","MS":"Montserratas","MT":"Malta","MU":"Mauricijus","MV":"Maldivai","MW":"Malavis","MX":"Meksika","MY":"Malaizija","MZ":"Mozambikas","NA":"Namibija","NC":"Naujoji Kaledonija","NE":"Nigeris","NF":"Norfolko sala","NG":"Nigerija","NI":"Nikaragva","NL":"Nyderlandai","NO":"Norvegija","NP":"Nepalas","NR":"Nauru","NU":"Niue","NZ":"Naujoji Zelandija","OM":"Omanas","PA":"Panama","PE":"Peru","PF":"Pranc\u016bz\u0173 Polinezija","PG":"Papua Naujoji Gvin\u0117ja","PH":"Filipinai","PK":"Pakistanas","PL":"Lenkija","PM":"Sen Pjeras ir Mikelonas","PN":"Pitkernas","PR":"Puerto Rikas","PS":"Palestinos teritorija","PT":"Portugalija","PW":"Palau","PY":"Paragvajus","QA":"Kataras","RE":"Reunionas","RO":"Rumunija","RS":"Serbija","RU":"Rusijos Federacija","RW":"Ruanda","SA":"Saudo Arabija","SB":"Saliamono salos","SC":"Sei\u0161eliai","SD":"Sudanas","SE":"\u0160vedija","SG":"Singap\u016bras","SH":"\u0160ventoji Elena","SI":"Slov\u0117nija","SJ":"Svalbardo ir Jan Majen salos","SK":"Slovakija","SL":"Siera Leon\u0117","SM":"San Marinas","SN":"Senegalas","SO":"Somalis","SR":"Surinamas","ST":"San Tom\u0117 ir Princip\u0117","SV":"Salvadoras","SY":"Sirija","SZ":"Svazilendas","TC":"Turkso ir Caicoso salos","TD":"\u010cadas","TF":"Pranc\u016bzijos Piet\u0173 sritys","TG":"Togas","TH":"Tailandas","TJ":"Tad\u017eikistanas","TK":"Tokelau","TL":"Ryt\u0173 Timoras","TM":"Turkm\u0117nistanas","TN":"Tunisas","TO":"Tonga","TR":"Turkija","TT":"Trinidadas ir Tobagas","TV":"Tuvalu","TW":"Taivanas","TZ":"Tanzanija","UA":"Ukraina","UG":"Uganda","UM":"Jungtini\u0173 Valstij\u0173 ma\u017eosios aplinkin\u0117s salos","US":"Jungtin\u0117s Valstijos","UY":"Urugvajus","UZ":"Uzbekistanas","VA":"Vatikanas","VC":"\u0160ventasis Vincentas ir Grenadinai","VE":"Venesuela","VG":"Did\u017eiosios Britanijos Mergeli\u0173 salos","VI":"Mergeli\u0173 salos (JAV)","VN":"Vietnamas","VU":"Vanuatu","WF":"Wallisas ir Futuna","WS":"Samoa","YE":"Jemenas","YT":"Mayotte\u2019as","ZA":"Piet\u0173 Afrika","ZM":"Zambija","ZW":"Zimbabv\u0117","ZZ":"Ne\u017einoma ar neteisinga sritis"}