{"AD":"\u0ead\u0eb1\u0e99\u0e94\u0ecd\u0ea5\u0eb2","AE":"\u0eaa\u0eb0\u0eab\u0eb0\u0ea5\u0eb1\u0e94\u0ead\u0eb2\u0eab\u0ea5\u0eb1\u0e9a\u0ec0\u0ead\u0ea1\u0eb4\u0ec0\u0ea5\u0e94","AF":"\u0ead\u0eb1\u0e9f\u0e81\u0eb2\u0e99\u0eb4\u0e94\u0eaa\u0eb0\u0e96\u0eb2\u0e99","AI":"\u0ead\u0eb1\u0e99\u0e81\u0eb4\u0ea5\u0eb2","AL":"\u0ec1\u0ead\u0ea5\u0ec0\u0e9a\u0ec0\u0e99\u0e8d","AM":"\u0ead\u0eb2\u0ea1\u0eb4\u0ec0\u0e99\u0e8d","AN":"\u0ec0\u0e99\u0ec0\u0e97\u0eb5\u0ec1\u0ea5\u0e99\u0ec1\u0ead\u0e99\u0ec0\u0e97\u0eb4\u0e99","AO":"\u0ead\u0eb1\u0e99\u0ec2\u0e81\u0ea5\u0eb2","AR":"\u0ead\u0eb2\u0ec0\u0e88\u0e99\u0e95\u0eb4\u0e99\u0eb2\u0ec8","AT":"\u0ead\u0ebb\u0ead\u0e94\u0eaa\u0eb0\u0ec0\u0e95\u0ebc\u0e8d","AU":"\u0ead\u0ebb\u0ead\u0e94\u0eaa\u0eb0\u0e95\u0eb2\u0ea5\u0eb5","AW":"\u0ead\u0eb2\u0ea5\u0eb9\u0e9a\u0eb2","AZ":"\u0ead\u0eb2\u0ec0\u0e8a\u0eb5\u0ec4\u0e9a\u0e88\u0eb1\u0e99","BA":"\u0e9a\u0eb1\u0ead\u0e94\u0eaa\u0ec0\u0e99\u0e8d \u0ec1\u0ea5\u0eb0 \u0ec0\u0eae\u0eb5\u0e94\u0ec2\u0e81\u0ea7\u0eb4\u0ec0\u0e99\u0e8d","BB":"\u0e9a\u0eb2\u0e9a\u0eb2\u0e84\u0eb1\u0ead\u0e94","BD":"\u0e9a\u0eb1\u0e87\u0e81\u0eb0\u0ea5\u0eb2\u0ec0\u0e97\u0e94","BE":"\u0ec0\u0e9a\u0ea7\u0ea2\u0ebd\u0ea1","BF":"\u0ec0\u0e9a\u0eb5\u0e81\u0eb4\u0e99\u0eb2\u0e9f\u0eb2\u0ec2\u0e8a","BG":"\u0e9a\u0eb1\u0e87\u0e81\u0eb2\u0ec0\u0ea5\u0e8d","BH":"\u0e9a\u0eb2\u0ec0\u0ea5\u0e99","BI":"\u0e9a\u0eb9\u0ea5\u0eb1\u0e99\u0e95\u0eb4","BJ":"\u0ec0\u0e9a\u0e99\u0eb4\u0e99","BM":"\u0ec0\u0e9a\u0eb5\u0ea1\u0eb4\u0ea7\u0e94\u0eb2","BN":"\u0e9a\u0eb9\u0eae\u0ec4\u0e99","BO":"\u0ec2\u0e9a\u0ea5\u0eb4\u0ec0\u0ea7\u0e8d","BR":"\u0e9a\u0ebc\u0eb2\u0e8a\u0eb4\u0ea7","BS":"\u0e9a\u0eb2\u0eae\u0eb2\u0ea1\u0eb2\u0eaa","BT":"\u0e9e\u0eb9\u0e96\u0eb2\u0e99","BW":"\u0e9a\u0ead\u0eb1\u0e94\u0eaa\u0eb0\u0ea7\u0eb2\u0e99\u0eb2","BY":"\u0ec0\u0e9a\u0e99\u0ea5\u0eb2\u0eae\u0eb1\u0eaa","BZ":"\u0ec0\u0e9a\u0ea5\u0eb4\u0e8a","CA":"\u0e81\u0eb2\u0e99\u0eb2\u0e94\u0eb2","CF":"\u0eaa\u0eb2\u0e97\u0eb2\u0ea5\u0eb0\u0e99\u0eb0\u0ea5\u0eb1\u0e94\u0ead\u0eb1\u0e9a\u0e9f\u0ebc\u0eb4\u0e81\u0e81\u0eb2\u0e81\u0eb2\u0e87","CG":"\u0e84\u0ead\u0e87\u0ec2\u0e81","CH":"\u0eaa\u0eb0\u0ea7\u0eb4\u0e94\u0ec0\u0e8a\u0eb5\u0ec1\u0ea5\u0e99","CI":"\u0e9d\u0eb1\u0ec8\u0e87\u0e97\u0eb0\u0ec0\u0ea5\u0ec4\u0ead\u0ea7\u0ecd\u0ea5\u0eb4","CL":"\u0e8a\u0eb4\u0eaa\u0eb4","CM":"\u0e84\u0eb2\u0ec0\u0ea1\u0ea5\u0eb9\u0e99","CN":"\u0e88\u0eb5\u0e99","CO":"\u0ec2\u0e84\u0ea5\u0eb3\u0ec0\u0e9a\u0e8d","CR":"\u0e84\u0ead\u0eaa\u0e95\u0eb2\u0ea5\u0eb4\u0e81\u0eb2","CS":"\u0ec0\u0e8a\u0eb5\u0ec0\u0e9a\u0e8d","CU":"\u0e84\u0eb4\u0ea7\u0e9a\u0eb2","CV":"\u0ec0\u0e84\u0e9a\u0ea7\u0ead\u0e94","CY":"\u0ec4\u0e8a\u0e9b\u0eb1\u0ebc\u0e94","CZ":"\u0eaa\u0eb2\u0e97\u0eb2\u0ea5\u0eb0\u0e99\u0eb0\u0ea5\u0eb1\u0e94\u0ec0\u0e8a\u0eb1\u0e81","DE":"\u0ec0\u0ea2\u0e8d\u0ea5\u0eb0\u0ea1\u0eb1\u0e99","DJ":"\u0e84\u0eb4\u0ec2\u0e9a\u0e95\u0eb4","DK":"\u0ec0\u0e94\u0e99\u0ea1\u0eb2\u0e81","DM":"\u0ec2\u0e94\u0ec0\u0ea1\u0e99\u0eb4\u0e81\u0eb2","DO":"\u0eaa\u0eb2\u0e97\u0eb2\u0ea5\u0eb0\u0e99\u0eb0\u0ea5\u0eb1\u0e94\u0ec2\u0e94\u0ea1\u0eb4\u0e99\u0eb4\u0e81\u0eb1\u0e99","DZ":"\u0ec1\u0ead\u0ea5\u0e88\u0eb4\u0ec0\u0ea5\u0e8d","EC":"\u0ec0\u0ead\u0e81\u0ea7\u0eb2\u0e94\u0ecd","EE":"\u0ec0\u0ead\u0eaa\u0ec2\u0e95\u0ec0\u0e99\u0e8d","EG":"\u0ead\u0eb5\u0ea2\u0eb4\u0e9a","EH":"\u0e8a\u0eb2\u0eae\u0eb2\u0ea5\u0eb2\u0e95\u0eb0\u0ec0\u0ea7\u0eb1\u0e99\u0e95\u0ebb\u0e81","ER":"\u0ead\u0eb4\u0e99\u0e8a\u0eb5","ES":"\u0eaa\u0eb0\u0ec0\u0e9b\u0e99","ET":"\u0ec0\u0ead\u0e97\u0eb4\u0ec2\u0ead\u0ec0\u0e9b\u0e8d","FI":"\u0e9f\u0eb4\u0e99\u0ec1\u0ea5\u0e99","FJ":"\u0e9f\u0eb4\u0e88\u0eb4","FM":"\u0ec4\u0ea1\u0ec2\u0e84\u0e99\u0eb4\u0ec0\u0e8a\u0e8d","FR":"\u0e9d\u0ea5\u0eb1\u0ec8\u0e87","GA":"\u0e81\u0eb2\u0e9a\u0ead\u0e99","GB":"\u0eaa\u0eb0\u0eab\u0eb0\u0ea5\u0eb2\u0e94\u0e8a\u0eb0\u0ead\u0eb2\u0e99\u0eb2\u0e88\u0eb1\u0e81","GE":"\u0e88\u0ecd\u0ec0\u0e88\u0e8d","GF":"\u0ec0\u0e9f\u0eb1\u0e99\u0eaa\u0e81\u0eb4\u0ea7\u0e99\u0eb2","GH":"\u0e81\u0eb2\u0e99\u0ec8\u0eb2","GM":"\u0ec1\u0e81\u0ea1\u0ec0\u0e9a\u0e8d","GN":"\u0e81\u0eb4\u0ea7\u0e99\u0eb5","GP":"\u0e81\u0ebb\u0ea7\u0ec0\u0e94\u0eb5\u0ea5\u0eb9\u0e9a","GQ":"\u0ec0\u0ead\u0e84\u0ebb\u0ea7\u0ec2\u0e97\u0ec0\u0ea5\u0e8d\u0ea5\u0eb0\u0e81\u0eb4\u0e99\u0eb5","GR":"\u0e81\u0eb4\u0ebc\u0e81","GT":"\u0e81\u0ebb\u0ea7\u0ec0\u0e95\u0ea1\u0eb2\u0ea5\u0eb2","GW":"\u0e81\u0eb4\u0ea7\u0e99\u0eb5-\u0e9a\u0eb4\u0eaa\u0ec2\u0e8a","GY":"\u0e81\u0eb9\u0ea2\u0eb2\u0e99\u0eb2","HK":"\u0eae\u0ec8\u0ead\u0e87\u0e81\u0ebb\u0e87","HN":"\u0ead\u0ea7\u0e99\u0e84\u0eb9\u0ea3\u0eb1\u0eaa","HR":"\u0ec2\u0e84\u0ec0\u0ead\u0ec0\u0e8a\u0e8d","HT":"\u0ec4\u0ead\u0e97\u0eb5","HU":"\u0eae\u0ebb\u0e87\u0e81\u0eb2\u0ea3\u0eb5","ID":"\u0ead\u0eb4\u0e99\u0ec2\u0e94\u0ec0\u0e99\u0ec0\u0e8a\u0e8d","IE":"\u0ec4\u0ead\u0ec1\u0ea5\u0e99","IL":"\u0ead\u0eb4\u0eaa\u0ea5\u0eb0\u0ec0\u0ead\u0ea7","IN":"\u0ead\u0eb4\u0e99\u0ec0\u0e94\u0e8d","IQ":"\u0ead\u0eb5\u0ea5\u0eb1\u0e81","IR":"\u0ead\u0eb5\u0ea5\u0ec8\u0eb2\u0e99","IS":"\u0ec4\u0ead\u0eaa\u0ec1\u0ea5\u0e99","IT":"\u0ead\u0eb4\u0e95\u0eb2\u0ea5\u0eb5","JM":"\u0e88\u0eb2\u0ec4\u0ea1\u0e81\u0eb2","JO":"\u0e88\u0ecd\u0ec1\u0e94\u0e99","JP":"\u0e8d\u0eb5\u0ec8\u0e9b\u0eb8\u0ec8\u0e99","KE":"\u0ec0\u0e84\u0e99\u0ea2\u0ec8\u0eb2","KG":"\u0ec0\u0e94\u0eb5\u0e81\u0eb4\u0e94\u0eaa\u0eb0\u0e96\u0eb2\u0e99","KH":"\u0e81\u0eb3\u0e9b\u0eb9\u0ec0\u0e88\u0e8d","KI":"\u0e84\u0eb5\u0ea5\u0eb4\u0e9a\u0eb2\u0e94","KM":"\u0ec2\u0e84\u0ec2\u0ea1\u0ea3\u0ead\u0e94","KP":"\u0ec0\u0e81\u0ebb\u0eb2\u0eab\u0ea5\u0eb5\u0ec0\u0edc\u0eb7\u0ead","KR":"\u0ec0\u0e81\u0ebb\u0eb2\u0eab\u0ea5\u0eb5\u0ec3\u0e95\u0ec9","KW":"\u0e84\u0eb9\u0ec0\u0ea7\u0e94","KZ":"\u0e84\u0eb2\u0e8a\u0eb1\u0e94\u0eaa\u0eb0\u0e96\u0eb2\u0e99","LA":"\u0ea5\u0eb2\u0ea7","LB":"\u0ec0\u0ea5\u0e9a\u0eb2\u0e99\u0ead\u0e99","LI":"\u0ec4\u0ea5\u0ec0\u0e97\u0e99\u0eaa\u0eb0\u0ec4\u0e95","LK":"\u0eaa\u0eb5\u0ea5\u0eb1\u0e87\u0e81\u0eb2","LR":"\u0ea5\u0eb4\u0ec0\u0e9a\u0eb5\u0ec0\u0ea5\u0e8d","LS":"\u0ec0\u0ea5\u0ec2\u0e8a\u0ec2\u0e97","LT":"\u0ea5\u0eb4\u0ec0\u0e97\u0eb5\u0ec0\u0e99\u0e8d","LU":"\u0ea5\u0eb8\u0e81\u0ec1\u0e8a\u0ea1\u0ec0\u0e9a\u0eb5\u0e81","LV":"\u0ea5\u0ebc\u0eb2\u0e94\u0ec0\u0ea7\u0e8d","LY":"\u0ea5\u0eb4\u0ec0\u0e9a\u0e8d","MA":"\u0ec2\u0ea1\u0ea5\u0eb1\u0ead\u0e81\u0ec2\u0e84","MC":"\u0ec2\u0ea1\u0e99\u0eb2\u0ec2\u0e81","MD":"\u0ec2\u0ea1\u0e99\u0ec2\u0e84\u0ea7\u0eb2","MG":"\u0ea1\u0eb2\u0e84\u0eb2\u0e81\u0eb1\u0eaa\u0e81\u0eb2","MK":"\u0ec1\u0ea1\u0e8a\u0eb4\u0ec2\u0e84\u0ec0\u0e99\u0e8d","ML":"\u0ea1\u0eb2\u0ea5\u0eb4","MM":"\u0eaa\u0eb0\u0eab\u0eb0\u0e9e\u0eb2\u0e9a\u0e9e\u0eb0\u0ea1\u0ec9\u0eb2","MN":"\u0ea1\u0ebb\u0e87\u0ec2\u0e81\u0ea5\u0eb5","MO":"\u0ea1\u0eb2\u0ec0\u0e81\u0ebb\u0ec9\u0eb2","MQ":"\u0ea1\u0eb2\u0e95\u0eb4\u0e99\u0eb4\u0e81","MR":"\u0ea1\u0ecd\u0ea5\u0eb4\u0e81\u0e97\u0eb2\u0ec0\u0e99\u0e8d","MS":"\u0ea1\u0ead\u0e99\u0ec0\u0e8a\u0eb5\u0ea5\u0eb2\u0e94","MT":"\u0ea1\u0eb1\u0e99\u0e95\u0eb2","MU":"\u0ea1\u0ecd\u0ea3\u0eb4\u0e95\u0ebd\u0e94","MX":"\u0ec1\u0ea1\u0eb1\u0e81\u0e8a\u0eb4\u0ec2\u0e81","MY":"\u0ea1\u0eb2\u0ec0\u0ea5\u0ec0\u0e8a\u0e8d","MZ":"\u0ec2\u0ea1\u0ec1\u0e8a\u0ea1\u0e9a\u0eb4\u0e81","NA":"\u0e99\u0eb2\u0ea1\u0eb4\u0ec0\u0e9a\u0e8d","NC":"\u0e99\u0eb4\u0ea7\u0e84\u0eb2\u0ea5\u0eb4\u0ec2\u0e84\u0ec0\u0e99\u0e8d","NE":"\u0ec4\u0e99\u0ec0\u0e88\u0eb5","NG":"\u0ec4\u0e99\u0e88\u0eb5\u0ec0\u0ea5\u0e8d","NI":"\u0e99\u0eb4\u0e84\u0eb2\u0ea5\u0eb2\u0e81\u0ebb\u0ea7","NL":"\u0ec0\u0e99\u0ec0\u0e97\u0eb5\u0ec1\u0ea5\u0e99","NO":"\u0e99\u0ecd\u0ec0\u0ea7","NP":"\u0ec0\u0e99\u0e9b\u0eb2\u0e99","NU":"\u0e99\u0eb5\u0ea2\u0eb9","NZ":"\u0e99\u0eb4\u0ea7\u0e8a\u0eb5\u0ec1\u0ea5\u0e99","OM":"\u0ec2\u0ead\u0ea1\u0eb2\u0e99","PA":"\u0e9b\u0eb2\u0e99\u0eb2\u0ea1\u0eb2","PE":"\u0ec0\u0e9b\u0ea5\u0eb9","PF":"\u0ec0\u0e9f\u0eb1\u0e99\u0ea3\u0ec2\u0e9e\u0ea5\u0eb4\u0e99\u0eb5\u0ec0\u0e8a\u0e8d","PG":"\u0e9b\u0eb2\u0e9b\u0ebb\u0ea7\u0e99\u0eb4\u0ea7\u0e81\u0eb5\u0e99\u0eb5","PH":"\u0e9f\u0eb4\u0ea5\u0eb4\u0e9b\u0eb4\u0e99","PK":"\u0e9b\u0eb2\u0e81\u0eb4\u0eaa\u0e96\u0eb2\u0e99","PL":"\u0ec2\u0e9b\u0ec1\u0ea5\u0e99","PR":"\u0ec0\u0e9b\u0eb5\u0ec2\u0e95\u0ea5\u0eb4\u0ec2\u0e81","PT":"\u0ec2\u0e9b\u0e95\u0eb8\u0e81\u0e81\u0eb1\u0e99","PY":"\u0e9b\u0eb2\u0ea5\u0eb2\u0e81\u0ea7\u0e8d","QA":"\u0e81\u0eb2\u0e95\u0eb2","RO":"\u0ea5\u0eb9\u0ec0\u0ea1\u0ec0\u0e99\u0e8d","RU":"\u0ea5\u0eb1\u0e94\u0ec0\u0e8a\u0e8d","RW":"\u0ea5\u0eb2\u0ea7\u0eb1\u0e99\u0e94\u0eb2","SA":"\u0e8a\u0eb2\u0ead\u0eb8\u0e94\u0eb4\u0ead\u0eb2\u0ea5\u0eb0\u0ec0\u0e9a\u0e8d","SC":"\u0ec0\u0e8a\u0ec1\u0e8a\u0ea7","SD":"\u0e8a\u0eb9\u0e94\u0eb2\u0e99","SE":"\u0eaa\u0eb0\u0ea7\u0eb4\u0ec0\u0e94\u0eb1\u0e99","SG":"\u0eaa\u0eb4\u0e87\u0e81\u0eb0\u0ec2\u0e9b","SI":"\u0eaa\u0eb0\u0ec2\u0ea5\u0ec0\u0ea7\u0ec0\u0e99\u0e8d","SK":"\u0eaa\u0eb0\u0ec2\u0ea5\u0ea7\u0eb2\u0ec0\u0e81\u0e8d","SL":"\u0ec0\u0e8a\u0e8d\u0ea5\u0eb2\u0eaa\u0eb4\u0ead\u0ead\u0e99","SN":"\u0e8a\u0eb4\u0e99\u0eb5\u0e81\u0eb1\u0e99","SO":"\u0ec2\u0e8a\u0ea1\u0eb2\u0ec0\u0ea5\u0e8d","SR":"\u0e8a\u0eb9\u0ea5\u0eb4\u0e99\u0eb2\u0ea1\u0eb4","SV":"\u0ec0\u0ead\u0e8a\u0eb2\u0ea7\u0eb2\u0e94\u0ecd","SY":"\u0e8a\u0eb4\u0ec0\u0ea5\u0e8d","SZ":"\u0eaa\u0eb0\u0ea7\u0eb2\u0e8a\u0eb4\u0ec1\u0ea5\u0e99","TD":"\u0e8a\u0eb2\u0e94","TF":"\u0ead\u0eb2\u0e99\u0eb2\u0ec0\u0e82\u0e94\u0e97\u0eb2\u0e87\u0ec3\u0e95\u0ec9\u0e82\u0ead\u0e87\u0e9d\u0ea5\u0eb1\u0ec8\u0e87\u0ec0\u0eaa\u0e94","TG":"\u0ec2\u0e95\u0ec2\u0e81","TH":"\u0e9b\u0eb0\u0ec0\u0e97\u0e94\u0ec4\u0e97","TJ":"\u0e97\u0eb2\u0e88\u0eb4\u0e81\u0eb4\u0eaa\u0eb0\u0e96\u0eb2\u0e99","TK":"\u0ec2\u0e97\u0e81\u0eb4\u0ec2\u0ea5","TL":"\u0e95\u0eb4\u0ea1\u0ecd\u0e95\u0eb2\u0ec0\u0ea7\u0eb1\u0e99\u0ead\u0ead\u0e81","TM":"\u0ec0\u0e95\u0ea3\u0eb5\u0e81\u0ec0\u0ea1\u0e99\u0eb4\u0eaa\u0eb0\u0e96\u0eb2\u0e99","TN":"\u0e95\u0eb9\u0e99\u0eb4\u0ec0\u0e8a\u0e8d","TO":"\u0e95\u0ead\u0e87\u0e81\u0eb2","TR":"\u0e95\u0eb8\u0e99\u0e81\u0eb5","TT":"\u0e97\u0eb4\u0e99\u0eb4\u0ec1\u0e94\u0e94","TW":"\u0ec4\u0e95\u0ec9\u0eab\u0ea7\u0eb1\u0e99","TZ":"\u0e97\u0eb2\u0e99\u0e8a\u0eb2\u0ec0\u0e99\u0e8d","UA":"\u0ea2\u0eb9\u0ec0\u0e84\u0ebc\u0e99","UG":"\u0ead\u0eb9\u0e81\u0eb2\u0e99\u0e94\u0eb2","US":"\u0eaa\u0eb0\u0eab\u0eb0\u0ea5\u0eb1\u0e94\u0ead\u0eb2\u0ec0\u0ea1\u0ea5\u0eb4\u0e81\u0eb2","UY":"\u0ea5\u0eb9\u0e81\u0ea7\u0e8d\u0ead\u0eb8\u0ea3","UZ":"\u0ead\u0eb8\u0e94\u0ec0\u0e9a\u0e81\u0eb4\u0eaa\u0eb0\u0e96\u0eb2\u0e99","VA":"\u0ea7\u0eb2\u0e95\u0eb4\u0e81\u0eb1\u0e99","VE":"\u0ec0\u0ea7\u0ec0\u0e99\u0e8a\u0eb9\u0ec0\u0ead\u0ea5\u0eb2","VG":"\u0e9a\u0ea3\u0eb4\u0e97\u0eb4\u0e94\u0ec0\u0ea7\u0eb5\u0e88\u0eb4\u0e99\u0ec4\u0ead\u0ec1\u0ea5\u0e99","VI":"\u0ea2\u0eb9\u0ec0\u0ead\u0eaa\u0ec0\u0ea7\u0eb5\u0e88\u0eb4\u0e99\u0ec4\u0ead\u0ec1\u0ea5\u0e99","VN":"\u0eab\u0ea7\u0ebd\u0e94\u0e99\u0eb2\u0ea1","VU":"\u0ea7\u0eb2\u0e99\u0ebb\u0ea7\u0e95\u0eb9","YE":"\u0ec0\u0ea2\u0ec0\u0ea1\u0e99","YT":"\u0ea1\u0eb2\u0ea2\u0ead\u0e94","ZA":"\u0ead\u0eb2\u0e9f\u0eb0\u0ea5\u0eb4\u0e81\u0eb2\u0ec3\u0e95\u0ec9","ZM":"\u0ec1\u0e8a\u0ea1\u0ec0\u0e9a\u0e8d","ZW":"\u0e8a\u0eb4\u0ea1\u0e9a\u0eb1\u0e9a\u0ec0\u0ea7"}