{"AD":"Andorra","AE":"Araabia \u00dchendemiraadid","AF":"Afganistan","AG":"Antigua ja Barbuda","AI":"Anguilla","AL":"Albaania","AM":"Armeenia","AN":"Hollandi Antillid","AO":"Angola","AQ":"Antarktis","AR":"Argentina","AS":"Ameerika Samoa","AT":"Austria","AU":"Austraalia","AW":"Aruba","AX":"Ahvenamaa","AZ":"Aserbaid\u017eaan","BA":"Bosnia ja Hertsegoviina","BB":"Barbados","BD":"Bangladesh","BE":"Belgia","BF":"Burkina Faso","BG":"Bulgaaria","BH":"Bahrein","BI":"Burundi","BJ":"Benin","BM":"Bermuda","BN":"Brunei","BO":"Boliivia","BR":"Brasiilia","BS":"Bahama","BT":"Bhutan","BV":"Bouvet\u2019 saar","BW":"Botswana","BY":"Valgevene","BZ":"Belize","CA":"Kanada","CC":"Kookossaared","CD":"Kongo DV","CF":"Kesk-Aafrika Vabariik","CG":"Kongo Vabariik","CH":"\u0160veits","CI":"C\u00f4te d'Ivoire","CK":"Cooki saared","CL":"T\u0161iili","CM":"Kamerun","CN":"Hiina","CO":"Colombia","CR":"Costa Rica","CS":"Serbia ja Montenegro","CU":"Kuuba","CV":"Roheneemesaared","CX":"J\u00f5ulusaar","CY":"K\u00fcpros","CZ":"T\u0161ehhi","DE":"Saksamaa","DJ":"Djibouti","DK":"Taani","DM":"Dominica","DO":"Dominikaani Vabariik","DZ":"Al\u017eeeria","EC":"Ecuador","EE":"Eesti","EG":"Egiptus","EH":"L\u00e4\u00e4ne-Sahara","ER":"Eritrea","ES":"Hispaania","ET":"Etioopia","FI":"Soome","FJ":"Fid\u017ei","FK":"Falklandi saared","FM":"Mikroneesia Liiduriigid","FO":"F\u00e4\u00e4ri saared","FR":"Prantsusmaa","GA":"Gabon","GB":"Suurbritannia","GD":"Grenada","GE":"Gruusia","GF":"Prantsuse Guajaana","GG":"Guernsey","GH":"Ghana","GI":"Gibraltar","GL":"Gr\u00f6\u00f6nimaa","GM":"Gambia","GN":"Guinea","GP":"Guadeloupe","GQ":"Ekvatoriaal-Guinea","GR":"Kreeka","GS":"L\u00f5una-Georgia ja L\u00f5una-Sandwichi saared","GT":"Guatemala","GU":"Guam","GW":"Guinea-Bissau","GY":"Guyana","HK":"Hongkong - Hiina erihalduspiirkond","HM":"Heard ja McDonald","HN":"Honduras","HR":"Horvaatia","HT":"Haiti","HU":"Ungari","ID":"Indoneesia","IE":"Iirimaa","IL":"Iisrael","IM":"Mani saar","IN":"India","IO":"Briti India ookeani ala","IQ":"Iraak","IR":"Iraan","IS":"Island","IT":"Itaalia","JE":"Jersey","JM":"Jamaica","JO":"Jordaania","JP":"Jaapan","KE":"Kenya","KG":"K\u00f5rg\u00f5zstan","KH":"Kambod\u017ea","KI":"Kiribati","KM":"Komoorid","KN":"Saint Kitts ja Nevis","KP":"P\u00f5hja-Korea","KR":"L\u00f5una-Korea","KW":"Kuveit","KY":"Kaimanisaared","KZ":"Kasahstan","LA":"Laos","LB":"Liibanon","LC":"Saint Lucia","LI":"Liechtenstein","LK":"Sri Lanka","LR":"Libeeria","LS":"Lesotho","LT":"Leedu","LU":"Luksemburg","LV":"L\u00e4ti","LY":"Liib\u00fca","MA":"Maroko","MC":"Monaco","MD":"Moldova","ME":"Montenegro","MG":"Madagaskar","MH":"Marshalli Saared","MK":"Makedoonia","ML":"Mali","MM":"Myanmar","MN":"Mongoolia","MO":"Aomen - Hiina erihalduspiirkond","MP":"P\u00f5hja-Mariaanid","MQ":"Martinique","MR":"Mauritaania","MS":"Montserrat","MT":"Malta","MU":"Mauritius","MV":"Maldiivid","MW":"Malawi","MX":"Mehhiko","MY":"Malaisia","MZ":"Mosambiik","NA":"Namiibia","NC":"Uus-Kaledoonia","NE":"Niger","NF":"Norfolk","NG":"Nigeeria","NI":"Nicaragua","NL":"Holland","NO":"Norra","NP":"Nepal","NR":"Nauru","NU":"Niue","NZ":"Uus-Meremaa","OM":"Omaan","PA":"Panama","PE":"Peruu","PF":"Prantsuse Pol\u00fcneesia","PG":"Paapua Uus-Guinea","PH":"Filipiinid","PK":"Pakistan","PL":"Poola","PM":"Saint-Pierre ja Miquelon","PN":"Pitcairn","PR":"Puerto Rico","PS":"Palestiina ala","PT":"Portugal","PW":"Belau","PY":"Paraguay","QA":"Katar","RE":"R\u00e9union","RO":"Rumeenia","RS":"Serbia","RU":"Venemaa","RW":"Rwanda","SA":"Saudi Araabia","SB":"Saalomoni Saared","SC":"Sei\u0161ellid","SD":"Sudaan","SE":"Rootsi","SG":"Singapur","SH":"Saint Helena","SI":"Sloveenia","SJ":"Svalbard ja Jan Mayen","SK":"Slovakkia","SL":"Sierra Leone","SM":"San Marino","SN":"Senegal","SO":"Somaalia","SR":"Suriname","ST":"S\u00e3o Tom\u00e9 ja Pr\u00edncipe","SV":"El Salvador","SY":"S\u00fc\u00fcria","SZ":"Svaasimaa","TC":"Turks ja Caicos","TD":"T\u0161aad","TF":"Prantsuse L\u00f5unaalad","TG":"Togo","TH":"Tai","TJ":"Tad\u017eikistan","TK":"Tokelau","TL":"Ida-Timor","TM":"T\u00fcrkmenistan","TN":"Tuneesia","TO":"Tonga","TR":"T\u00fcrgi","TT":"Trinidad ja Tobago","TV":"Tuvalu","TW":"Taiwan","TZ":"Tansaania","UA":"Ukraina","UG":"Uganda","UM":"\u00dchendriikide hajasaared","US":"Ameerika \u00dchendriigid","UY":"Uruguay","UZ":"Usbekistan","VA":"Vatikan","VC":"Saint Vincent ja Grenadiinid","VE":"Venezuela","VG":"Briti Neitsisaared","VI":"USA Neitsisaared","VN":"Vietnam","VU":"Vanuatu","WF":"Wallis ja Futuna","WS":"Samoa","YE":"Jeemen","YT":"Mayotte","ZA":"L\u00f5una-Aafrika Vabariik","ZM":"Sambia","ZW":"Zimbabwe","ZZ":"m\u00e4\u00e4ramata"}