{"AD":"Andora","AE":"Falme cia Kiarabu","AF":"Afuganistani","AG":"Antigua na Barbuda","AI":"Anguilla","AL":"Alubania","AM":"Armenia","AN":"Antili cia Holandi","AO":"Angola","AR":"Ajentina","AS":"Samoa ya Amerika","AT":"Austiria","AU":"Austr\u0129lia","AW":"Aruba","AZ":"Azebaijani","BA":"Bosnia na Hezegovina","BB":"Babadosi","BD":"Bangiradeshi","BE":"Beronjiamu","BF":"Bukinafaso","BG":"Bulgaria","BH":"Baharini","BI":"Burundi","BJ":"Benini","BM":"Bamuda","BN":"Brunei","BO":"Bolivia","BR":"Brazilu","BS":"Bahamasi","BT":"Butani","BW":"Botswana","BY":"Belarusi","BZ":"Belize","CA":"Kanada","CD":"Nth\u0129 ya Kidemokras\u0129 ya Kongo","CF":"Nth\u0129 ya Afrika gat\u0129gat\u0129","CG":"Kongo","CH":"Swizilandi","CI":"Kodivaa","CK":"A\u0129randi cia Cook","CL":"Chile","CM":"Kameruni","CN":"China","CO":"Kolombia","CR":"Kostarika","CS":"Sabia na Montenegoro","CU":"Kiuba","CV":"Kepuvede","CY":"Caipurasi","CZ":"Nth\u0129 ya Cheki","DE":"Njaman\u0129","DJ":"Jibuti","DK":"Denimaki","DM":"Dominika","DO":"Nth\u0129 ya Dominika","DZ":"Angiria","EC":"Ekwado","EE":"Estonia","EG":"Misiri","ER":"Eritrea","ES":"Sp\u0129ni","ET":"Ithiopia","FI":"Finilandi","FJ":"Fiji","FK":"A\u0129randi cia Falklandi","FM":"Mikronesia","FR":"Fransi","GA":"Gaboni","GB":"Ngeretha","GD":"Grenada","GE":"Jojia","GF":"Gwiyana ya Fransi","GH":"Ghana","GI":"Ng\u0129brata","GL":"Ngirinilandi","GM":"Gambia","GN":"Gine","GP":"Gwadelupe","GQ":"Gine ya Iquita","GR":"Ngiriki","GT":"Gwatemala","GU":"Gwam","GW":"Ginebisau","GY":"Guyana","HN":"Hondurasi","HR":"Koroashia","HT":"Haiti","HU":"Hangar\u0129","ID":"Indonesia","IE":"Aelandi","IL":"Isiraeli","IN":"India","IO":"Nth\u0129 cia Ngeretha gatagat\u0129 ka \u0129ria ria Hindi","IQ":"Iraki","IR":"Irani","IS":"Aisilandi","IT":"Ital\u0129","JM":"Jamaika","JO":"Jorondani","JP":"Japani","KE":"Kenya","KG":"Kirigizistani","KH":"Kambodia","KI":"Kiribati","KM":"Komoro","KN":"Santakitzi na Nevis","KP":"Korea Nothi","KR":"Korea Sa\u0169thi","KW":"Kuw\u0129 ti","KY":"A\u0129randi cia Kayman","KZ":"Kazakistani","LA":"Laosi","LB":"Lebanoni","LC":"Santalusia","LI":"Lishenteni","LK":"Sirilanka","LR":"Liberia","LS":"Lesotho","LT":"Lithuania","LU":"Luxembogu","LV":"Lativia","LY":"L\u0129bia","MA":"Moroko","MC":"Monako","MD":"Moldova","MG":"Madagasika","MH":"A\u0129randi cia Marshal","MK":"Macedonia","ML":"Mali","MM":"Myanima","MN":"Mongolia","MP":"A\u0129randi cia Mariana ya nothi","MQ":"Martiniki","MR":"Mauritania","MS":"Montserrati","MT":"Malta","MU":"Maur\u0129tiasi","MV":"Modivu","MW":"Malawi","MX":"Mexiko","MY":"Mal\u0129sia","MZ":"Mozambiki","NA":"Namibia","NC":"Kalendoia \u0128njeru","NE":"Nija","NF":"A\u0129randi cia Norfok","NG":"Nijeria","NI":"Nikaragwa","NL":"Holandi","NO":"Norwi","NP":"Nepali","NR":"Nauru","NU":"Niue","NZ":"Niuzilandi","OM":"Omani","PA":"Panama","PE":"Peru","PF":"Polinesia ya Fransi","PG":"Papua","PH":"Filipino","PK":"Pakistani","PL":"Polandi","PM":"Santapieri na Mikeloni","PN":"Pitkairni","PR":"Pwetoriko","PS":"R\u0169tere rwa Westi banki na Gaza cia Palestina","PT":"Potogo","PW":"Palau","PY":"Paragwai","QA":"Kata","RE":"Riyunioni","RO":"Romania","RU":"Rashia","RW":"Rwanda","SA":"Saudi","SB":"Airandi Cia  Solomon","SC":"Shelisheli","SD":"Sudani","SE":"Swideni","SG":"Singapoo","SH":"Santahelena","SI":"Slovenia","SK":"Slovakia","SL":"Siera Leoni","SM":"Samarino","SN":"Senego","SO":"Somalia","SR":"Surinamu","ST":"Sao Tome na Principe","SV":"Elsavado","SY":"Siria","SZ":"Swazilandi","TC":"A\u0129randi cia Tak\u0129 na Kaiko","TD":"Chadi","TG":"Togo","TH":"Tha\u0129landi","TJ":"Tajikistani","TK":"Tokelau","TL":"Timori ya Isti","TM":"Tukumenistani","TN":"Tunisia","TO":"Tonga","TR":"Tak\u0129","TT":"Trinidad na Tobago","TV":"Tuvalu","TW":"Taiwani","TZ":"Tanzania","UA":"Ukir\u0129ni","UG":"Uganda","US":"Amerika","UY":"Urugw\u0129","UZ":"Uzibekistani","VA":"Vatikani","VC":"Santavisenti na Grenadini","VE":"Venezuela","VG":"A\u0129randi cia Virgin cia Ngeretha","VI":"A\u0129randi cia  Virgin cia Amerika","VN":"Vietinamu","VU":"Vanuatu","WF":"Walis na Futuna","WS":"Samoa","YE":"Yemeni","YT":"Mayotte","ZA":"Afrika ya Southi","ZM":"Zambia","ZW":"Zimbabwe"}