{"AD":"Andorra","AE":"Emiratos \u00c1rabes Unidos","AF":"Afganist\u00e1n","AG":"Antigua y Barbuda","AI":"Anguila","AL":"Albania","AM":"Armenia","AN":"Antillas Neerlandesas","AO":"Angola","AQ":"Ant\u00e1rtida","AR":"Argentina","AS":"Samoa Americana","AT":"Austria","AU":"Australia","AW":"Aruba","AX":"Islas \u00c5land","AZ":"Azerbaiy\u00e1n","BA":"Bosnia-Herzegovina","BB":"Barbados","BD":"Bangladesh","BE":"B\u00e9lgica","BF":"Burkina Faso","BG":"Bulgaria","BH":"Bahr\u00e9in","BI":"Burundi","BJ":"Ben\u00edn","BL":"San Bartolom\u00e9","BM":"Bermudas","BN":"Brun\u00e9i","BO":"Bolivia","BR":"Brasil","BS":"Bahamas","BT":"But\u00e1n","BV":"Isla Bouvet","BW":"Botsuana","BY":"Bielorrusia","BZ":"Belice","CA":"Canad\u00e1","CC":"Islas Cocos","CD":"Rep\u00fablica Democr\u00e1tica del Congo","CF":"Rep\u00fablica Centroafricana","CG":"Congo","CH":"Suiza","CI":"Costa de Marfil","CK":"Islas Cook","CL":"Chile","CM":"Camer\u00fan","CN":"China","CO":"Colombia","CR":"Costa Rica","CS":"Serbia y Montenegro","CU":"Cuba","CV":"Cabo Verde","CX":"Isla Christmas","CY":"Chipre","CZ":"Rep\u00fablica Checa","DE":"Alemania","DJ":"Yibuti","DK":"Dinamarca","DM":"Dominica","DO":"Rep\u00fablica Dominicana","DZ":"Argelia","EC":"Ecuador","EE":"Estonia","EG":"Egipto","EH":"S\u00e1hara Occidental","ER":"Eritrea","ES":"Espa\u00f1a","ET":"Etiop\u00eda","FI":"Finlandia","FJ":"Fiyi","FK":"Islas Malvinas","FM":"Micronesia","FO":"Islas Feroe","FR":"Francia","GA":"Gab\u00f3n","GB":"Reino Unido","GD":"Granada","GE":"Georgia","GF":"Guayana Francesa","GG":"Guernsey","GH":"Ghana","GI":"Gibraltar","GL":"Groenlandia","GM":"Gambia","GN":"Guinea","GP":"Guadalupe","GQ":"Guinea Ecuatorial","GR":"Grecia","GS":"Islas Georgia del Sur y Sandwich del Sur","GT":"Guatemala","GU":"Guam","GW":"Guinea-Bissau","GY":"Guyana","HK":"Regi\u00f3n Administrativa Especial de Hong Kong de la Rep\u00fablica Popular China","HM":"Islas Heard y McDonald","HN":"Honduras","HR":"Croacia","HT":"Hait\u00ed","HU":"Hungr\u00eda","ID":"Indonesia","IE":"Irlanda","IL":"Israel","IM":"Isla de Man","IN":"India","IO":"Territorio Brit\u00e1nico del Oc\u00e9ano \u00cdndico","IQ":"Iraq","IR":"Ir\u00e1n","IS":"Islandia","IT":"Italia","JE":"Jersey","JM":"Jamaica","JO":"Jordania","JP":"Jap\u00f3n","KE":"Kenia","KG":"Kirguist\u00e1n","KH":"Camboya","KI":"Kiribati","KM":"Comoras","KN":"San Crist\u00f3bal y Nieves","KP":"Corea del Norte","KR":"Corea del Sur","KW":"Kuwait","KY":"Islas Caim\u00e1n","KZ":"Kazajist\u00e1n","LA":"Laos","LB":"L\u00edbano","LC":"Santa Luc\u00eda","LI":"Liechtenstein","LK":"Sri Lanka","LR":"Liberia","LS":"Lesoto","LT":"Lituania","LU":"Luxemburgo","LV":"Letonia","LY":"Libia","MA":"Marruecos","MC":"M\u00f3naco","MD":"Moldavia","ME":"Montenegro","MF":"San Mart\u00edn","MG":"Madagascar","MH":"Islas Marshall","MK":"Macedonia","ML":"Mali","MM":"Myanmar","MN":"Mongolia","MO":"Regi\u00f3n Administrativa Especial de Macao de la Rep\u00fablica Popular China","MP":"Islas Marianas del Norte","MQ":"Martinica","MR":"Mauritania","MS":"Montserrat","MT":"Malta","MU":"Mauricio","MV":"Maldivas","MW":"Malaui","MX":"M\u00e9xico","MY":"Malasia","MZ":"Mozambique","NA":"Namibia","NC":"Nueva Caledonia","NE":"N\u00edger","NF":"Isla Norfolk","NG":"Nigeria","NI":"Nicaragua","NL":"Pa\u00edses Bajos","NO":"Noruega","NP":"Nepal","NR":"Nauru","NU":"Isla Niue","NZ":"Nueva Zelanda","OM":"Om\u00e1n","PA":"Panam\u00e1","PE":"Per\u00fa","PF":"Polinesia Francesa","PG":"Pap\u00faa Nueva Guinea","PH":"Filipinas","PK":"Pakist\u00e1n","PL":"Polonia","PM":"San Pedro y Miquel\u00f3n","PN":"Pitcairn","PR":"Puerto Rico","PS":"Palestina","PT":"Portugal","PW":"Palau","PY":"Paraguay","QA":"Qatar","RE":"Reuni\u00f3n","RO":"Ruman\u00eda","RS":"Serbia","RU":"Rusia","RW":"Ruanda","SA":"Arabia Saud\u00ed","SB":"Islas Salom\u00f3n","SC":"Seychelles","SD":"Sud\u00e1n","SE":"Suecia","SG":"Singapur","SH":"Santa Elena","SI":"Eslovenia","SJ":"Svalbard y Jan Mayen","SK":"Eslovaquia","SL":"Sierra Leona","SM":"San Marino","SN":"Senegal","SO":"Somalia","SR":"Surinam","ST":"Santo Tom\u00e9 y Pr\u00edncipe","SV":"El Salvador","SY":"Siria","SZ":"Suazilandia","TC":"Islas Turcas y Caicos","TD":"Chad","TF":"Territorios Australes Franceses","TG":"Togo","TH":"Tailandia","TJ":"Tayikist\u00e1n","TK":"Tokelau","TL":"Timor Oriental","TM":"Turkmenist\u00e1n","TN":"T\u00fanez","TO":"Tonga","TR":"Turqu\u00eda","TT":"Trinidad y Tobago","TV":"Tuvalu","TW":"Taiw\u00e1n","TZ":"Tanzania","UA":"Ucrania","UG":"Uganda","UM":"Islas menores alejadas de los Estados Unidos","US":"Estados Unidos","UY":"Uruguay","UZ":"Uzbekist\u00e1n","VA":"Ciudad del Vaticano","VC":"San Vicente y las Granadinas","VE":"Venezuela","VG":"Islas V\u00edrgenes Brit\u00e1nicas","VI":"Islas V\u00edrgenes de los Estados Unidos","VN":"Vietnam","VU":"Vanuatu","WF":"Wallis y Futuna","WS":"Samoa","YE":"Yemen","YT":"Mayotte","ZA":"Sud\u00e1frica","ZM":"Zambia","ZW":"Zimbabue","ZZ":"Regi\u00f3n desconocida o no v\u00e1lida"}