{"AD":"Andorra","AE":"Forenede Arabiske Emirater","AF":"Afghanistan","AG":"Antigua og Barbuda","AI":"Anguilla","AL":"Albanien","AM":"Armenien","AN":"Hollandske Antiller","AO":"Angola","AQ":"Antarktis","AR":"Argentina","AS":"Amerikansk Samoa","AT":"\u00d8strig","AU":"Australien","AW":"Aruba","AX":"\u00c5land","AZ":"Aserbajdsjan","BA":"Bosnien-Hercegovina","BB":"Barbados","BD":"Bangladesh","BE":"Belgien","BF":"Burkina Faso","BG":"Bulgarien","BH":"Bahrain","BI":"Burundi","BJ":"Benin","BL":"Saint Barth\u00e9lemy","BM":"Bermuda","BN":"Brunei Darussalam","BO":"Bolivia","BR":"Brasilien","BS":"Bahamas","BT":"Bhutan","BV":"Bouvet\u00f8","BW":"Botswana","BY":"Hviderusland","BZ":"Belize","CA":"Canada","CC":"Cocos\u00f8erne","CD":"Congo-Kinshasa","CF":"Centralafrikanske Republik","CG":"Congo","CH":"Schweiz","CI":"Elfenbenskysten","CK":"Cook-\u00f8erne","CL":"Chile","CM":"Cameroun","CN":"Kina","CO":"Colombia","CR":"Costa Rica","CS":"Serbien og Montenegro","CU":"Cuba","CV":"Kap Verde","CX":"Jule\u00f8en","CY":"Cypern","CZ":"Tjekkiet","DE":"Tyskland","DJ":"Djibouti","DK":"Danmark","DM":"Dominica","DO":"Den Dominikanske Republik","DZ":"Algeriet","EC":"Ecuador","EE":"Estland","EG":"Egypten","EH":"Vestsahara","ER":"Eritrea","ES":"Spanien","ET":"Etiopien","FI":"Finland","FJ":"Fiji-\u00f8erne","FK":"Falklands\u00f8erne","FM":"Mikronesiens Forenede Stater","FO":"F\u00e6r\u00f8erne","FR":"Frankrig","GA":"Gabon","GB":"Storbritannien","GD":"Grenada","GE":"Georgien","GF":"Fransk Guyana","GG":"Guernsey","GH":"Ghana","GI":"Gibraltar","GL":"Gr\u00f8nland","GM":"Gambia","GN":"Guinea","GP":"Guadeloupe","GQ":"\u00c6kvatorialguinea","GR":"Gr\u00e6kenland","GS":"South Georgia og De Sydlige Sandwich\u00f8er","GT":"Guatemala","GU":"Guam","GW":"Guinea-Bissau","GY":"Guyana","HK":"SAR Hongkong","HM":"Heard- og McDonald-\u00f8erne","HN":"Honduras","HR":"Kroatien","HT":"Haiti","HU":"Ungarn","ID":"Indonesien","IE":"Irland","IL":"Israel","IM":"Isle of Man","IN":"Indien","IO":"Det Britiske Territorium i Det Indiske Ocean","IQ":"Irak","IR":"Iran","IS":"Island","IT":"Italien","JE":"Jersey","JM":"Jamaica","JO":"Jordan","JP":"Japan","KE":"Kenya","KG":"Kirgisistan","KH":"Cambodja","KI":"Kiribati","KM":"Comorerne","KN":"Saint Kitts og Nevis","KP":"Nordkorea","KR":"Sydkorea","KW":"Kuwait","KY":"Cayman\u00f8erne","KZ":"Kasakhstan","LA":"Laos","LB":"Libanon","LC":"Saint Lucia","LI":"Liechtenstein","LK":"Sri Lanka","LR":"Liberia","LS":"Lesotho","LT":"Litauen","LU":"Luxembourg","LV":"Letland","LY":"Libyen","MA":"Marokko","MC":"Monaco","MD":"Republikken Moldova","ME":"Montenegro","MF":"Saint Martin","MG":"Madagaskar","MH":"Marshall\u00f8erne","MK":"Republikken Makedonien","ML":"Mali","MM":"Myanmar","MN":"Mongoliet","MO":"SAR Macao","MP":"Nordmarianerne","MQ":"Martinique","MR":"Mauretanien","MS":"Montserrat","MT":"Malta","MU":"Mauritius","MV":"Maldiverne","MW":"Malawi","MX":"Mexico","MY":"Malaysia","MZ":"Mozambique","NA":"Namibia","NC":"Ny Caledonien","NE":"Niger","NF":"Norfolk Island","NG":"Nigeria","NI":"Nicaragua","NL":"Holland","NO":"Norge","NP":"Nepal","NR":"Nauru","NU":"Niue","NZ":"New Zealand","OM":"Oman","PA":"Panama","PE":"Peru","PF":"Fransk Polynesien","PG":"Papua Ny Guinea","PH":"Filippinerne","PK":"Pakistan","PL":"Polen","PM":"Saint Pierre og Miquelon","PN":"Pitcairn","PR":"Puerto Rico","PS":"De pal\u00e6stinensiske omr\u00e5der","PT":"Portugal","PW":"Palau","PY":"Paraguay","QA":"Qatar","RE":"Reunion","RO":"Rum\u00e6nien","RS":"Serbien","RU":"Rusland","RW":"Rwanda","SA":"Saudi-Arabien","SB":"Salomon\u00f8erne","SC":"Seychellerne","SD":"Sudan","SE":"Sverige","SG":"Singapore","SH":"St. Helena","SI":"Slovenien","SJ":"Svalbard og Jan Mayen","SK":"Slovakiet","SL":"Sierra Leone","SM":"San Marino","SN":"Senegal","SO":"Somalia","SR":"Surinam","ST":"Sao Tome og Principe","SV":"El Salvador","SY":"Syrien","SZ":"Swaziland","TC":"Turks- og Caicos\u00f8erne","TD":"Tchad","TF":"Franske Besiddelser i Det Sydlige Indiske Ocean","TG":"Togo","TH":"Thailand","TJ":"Tadsjikistan","TK":"Tokelau","TL":"Timor-Leste","TM":"Turkmenistan","TN":"Tunesien","TO":"Tonga","TR":"Tyrkiet","TT":"Trinidad og Tobago","TV":"Tuvalu","TW":"Taiwan","TZ":"Tanzania","UA":"Ukraine","UG":"Uganda","UM":"De Mindre Amerikanske Overs\u00f8iske \u00d8er","US":"USA","UY":"Uruguay","UZ":"Usbekistan","VA":"Vatikanstaten","VC":"St. Vincent og Grenadinerne","VE":"Venezuela","VG":"De britiske jomfru\u00f8er","VI":"De amerikanske jomfru\u00f8er","VN":"Vietnam","VU":"Vanuatu","WF":"Wallis og Futuna\u00f8erne","WS":"Samoa","YE":"Yemen","YT":"Mayotte","ZA":"Sydafrika","ZM":"Zambia","ZW":"Zimbabwe","ZZ":"Ukendt eller ugyldigt omr\u00e5de"}