{"AD":"And\u00f2rra","AF":"Afganistan","AG":"Antigua e Barbuda","AI":"Anguilla","AL":"Albania","AM":"Arm\u00e8nia","AO":"Ang\u00f2la","AQ":"Antartica","AR":"Argentina","AS":"Sam\u00f2a americana","AT":"\u00c0ustria","AU":"Austr\u00e0lia","AZ":"Azerbaijan","BA":"B\u00f2snia e Ercegovina","BB":"Barbados","BD":"Bangladesh","BE":"Belgica","BF":"Burkina Faso","BG":"Bolg\u00e0ria","BH":"Bahrain","BI":"Burundi","BJ":"Benin","BM":"Bermuda","BN":"Brunei","BO":"Bol\u00edvia","BR":"Brasil","BS":"Bahamas","BT":"Botan","BV":"Isla Bouvet","BW":"Botswana","BY":"Bielorussia","BZ":"Belize","CA":"Canad\u00e0","CD":"C\u00f2ngo - Kinshasa","CF":"Republica Centraficana","CG":"C\u00f2ngo - Brazzaville","CH":"So\u00efssa","CI":"C\u00f2sta d'Ev\u00f2ri","CL":"Chile","CM":"Cameron","CN":"China","CO":"Col\u00f3mbia","CR":"C\u00f2sta Rica","CU":"Cuba","CV":"Cap Verd","CY":"Chipre","CZ":"Republica ch\u00e8ca","DE":"Alemanha","DJ":"Jiboti","DK":"Danemarc","DO":"Republica dominicana","DZ":"Argeria","EC":"Eq\u00fcator","EE":"Est\u00f2nia","EG":"Egipte","ER":"Eritr\u00e8a","ES":"Espanha","ET":"Etiopia","FI":"Finl\u00e0ndia","FJ":"Fiji","FR":"Fran\u00e7a","GA":"Gabon","GB":"Reiaume Unit","GF":"Guiana francesa","GQ":"Guin\u00e8a Eq\u00fcatoriala","HR":"Cro\u00e0cia","IL":"Isra\u00e8l","IN":"\u00cdndia","IT":"It\u00e0lia","JP":"Japon","KH":"Camb\u00f2ja","KM":"Com\u00f2ros","KP":"Cor\u00e8a del N\u00f2rd","KR":"Cor\u00e8a del Sud","KY":"Islas Caiman","KZ":"Cazacstan","LY":"Libia","MA":"Marr\u00f2c","MC":"M\u00f3negue","MM":"Birmania","MR":"Maurit\u00e0nia","MZ":"Mo\u00e7ambic","PE":"Per\u00f3","PT":"Portugal","PW":"Belau","RU":"Russia","SA":"Arabia Saudita","SV":"Lo Salvador","SY":"S\u00faria","TD":"Chad","TL":"Tim\u00f2r \u00c8st","UA":"Ucr\u00e0ina","US":"Estats Units","VE":"Vene\u00e7u\u00e8la","VN":"Vietnam","ZZ":"Desconegut o Region invalida"}