{"AC":"Enez Ascension","AD":"Andorra","AE":"Emirelezhio\u00f9 Arab Unanet","AF":"Afghanistan","AG":"Antigua ha Barbuda","AI":"Anguilla","AL":"Albania","AM":"Armenia","AN":"Antilhez Nederlandat","AO":"Angola","AQ":"Antarktika","AR":"Arc'hantina","AS":"Samoa Amerikan","AT":"Aostria","AU":"Aostralia","AW":"Aruba","AX":"Inizi \u00c5land","AZ":"Azerbaidjan","BA":"Bosnia ha Herzegovina","BB":"Barbados","BD":"Bangladesh","BE":"Belgia","BF":"Burkina Faso","BG":"Bulgaria","BH":"Bahrein","BI":"Burundi","BJ":"Benin","BM":"Bermuda","BN":"Brunei","BO":"Bolivia","BR":"Brazil","BS":"Bahamas","BT":"Bhoutan","BV":"Enez Bouvet","BW":"Botswana","BY":"Belarus","BZ":"Belize","CA":"Kanada","CC":"Inizi Kokoz","CD":"Kongo - Kinshasa","CF":"Republik Kreizafrikan","CG":"Kongo - Brazzaville","CH":"Suis","CI":"Aod an Olifant","CK":"Inizi Cook","CL":"Chile","CM":"Kameroun","CN":"Sina","CO":"Kolombia","CP":"Enez Clipperton","CR":"Costa Rica","CU":"Kuba","CV":"Kab Glas","CX":"Enez Christmas","CY":"Kiprenez","CZ":"Republik Tchek","DE":"Alamagn","DG":"Diego Garcia","DJ":"Djibouti","DK":"Danmark","DM":"Dominica","DO":"Republik Dominikan","DZ":"Aljeria","EA":"Ceuta ha Melilla","EC":"Ecuador","EE":"Estonia","EG":"Egipt","EH":"Sahara ar C'horn\u00f4g","ER":"Eritrea","ES":"Spagn","ET":"Etiopia","EU":"Unaniezh Europa","FI":"Finland","FJ":"Fidji","FK":"Inizi Falkland","FM":"Mikronezia","FO":"Inizi Faero","FR":"Fra\u00f1s","GA":"Gabon","GB":"Rouantelezh-Unanet","GD":"Grenada","GE":"Jorjia","GF":"Gwiana c'hall","GG":"Gwernenez","GH":"Ghana","GI":"Jibraltar","GL":"Greunland","GM":"Gambia","GN":"Ginea","GP":"Gwadeloup","GQ":"Ginea ar C'heheder","GR":"Gres","GS":"Inizi Georgia ar Su hag Inizi Sandwich ar Su","GT":"Guatemala","GU":"Guam","GW":"Ginea-Bissau","GY":"Guyana","HK":"Hong Kong RMD Sina","HM":"Inizi Heard ha McDonald","HN":"Honduras","HR":"Kroatia","HT":"Haiti","HU":"Hungaria","IC":"Inizi Kanariez","ID":"Indonezia","IE":"Iwerzhon","IL":"Israel","IM":"Enez Vanav","IN":"India","IO":"Tiriad breizhveurat Meurvor Indez","IQ":"Iraq","IR":"Iran","IS":"Island","IT":"Italia","JE":"Jerzenez","JM":"Jamaika","JO":"Jordania","JP":"Japan","KE":"Kenya","KG":"Kyrgyzstan","KH":"Kambodja","KI":"Kiribati","KM":"Komorez","KN":"Saint Kitts ha Nevis","KP":"Korea an Norzh","KR":"Korea ar Su","KW":"Koweit","KY":"Inizi Cayman","KZ":"Kazakstan","LA":"Laos","LB":"Liban","LC":"Saint Lucia","LI":"Liechtenstein","LK":"Sri Lanka","LR":"Liberia","LS":"Lesotho","LT":"Lituania","LU":"Luksembourg","LV":"Latvia","LY":"Libia","MA":"Maroko","MC":"Monaco","MD":"Moldova","ME":"Montenegro","MG":"Madagaskar","MH":"Inizi Marshall","MK":"Makedonia","ML":"Mali","MM":"Myanmar [Birmania]","MN":"Mongolia","MO":"Macau RMD Sina","MP":"Inizi Mariana an Norzh","MQ":"Martinik","MR":"Maouritania","MS":"Montserrat","MT":"Malta","MU":"Moris","MV":"Maldivez","MW":"Malawi","MX":"Mec'hiko","MY":"Malaysia","MZ":"Mozambik","NA":"Namibia","NC":"Kaledonia Nevez","NE":"Niger","NF":"Enez Norfolk","NG":"Nigeria","NI":"Nicaragua","NL":"Izelvroio\u00f9","NO":"Norvegia","NP":"Nepal","NR":"Nauru","NU":"Niue","NZ":"Zeland-Nevez","OM":"Oman","PA":"Panam\u00e1","PE":"Perou","PF":"Polinezia c'hall","PG":"Papoua Ginea-Nevez","PH":"Filipinez","PK":"Pakistan","PL":"Polonia","PM":"Sant-P\u00ear-ha-Mikelon","PN":"Enez Pitcairn","PR":"Puerto Rico","PS":"Tiriado\u00f9 Palestina","PT":"Portugal","PW":"Palau","PY":"Paraguay","QA":"Qatar","RE":"Re\u00fcnion","RO":"Roumania","RS":"Serbia","RU":"Rusia","RW":"Rwanda","SA":"Arabia Saoudat","SB":"Salomon","SC":"Sechelez","SD":"Soudan","SE":"Sveden","SG":"Singapour","SH":"Saint Helena","SI":"Slovenia","SJ":"Svalbard","SK":"Slovakia","SL":"Sierra Leone","SM":"San Marino","SN":"Senegal","SO":"Somalia","SR":"Surinam","ST":"S\u00e3o Tom\u00e9 ha Pr\u00edncipe","SV":"Salvador","SY":"Siria","SZ":"Swaziland","TA":"Tristan da Cunha","TC":"Inizi Turks ha Caicos","TD":"Tchad","TF":"Douaro\u00f9 aostral Fra\u00f1s","TG":"Togo","TH":"Thailand","TJ":"Tadjikistan","TK":"Tokelau","TL":"Timor-Leste","TM":"Turkmenistan","TN":"Tunizia","TO":"Tonga","TR":"Turkia","TT":"Trinidad ha Tobago","TV":"Tuvalu","TW":"Taiwan","TZ":"Tanzania","UA":"Ukraina","UG":"Ouganda","US":"Stado\u00f9-Unanet","UY":"Uruguay","UZ":"Ouzbekistan","VA":"Vatikan","VC":"Sant Visant hag ar Grenadinez","VE":"Venezuela","VG":"Inizi Gwerc'h Breizh-Veur","VI":"Inizi Gwerc'h ar Stado\u00f9-Unanet","VN":"Vi\u00eat Nam","VU":"Vanuatu","WF":"Wallis ha Futuna","WS":"Samoa","YE":"Yemen","YT":"Mayotte","ZA":"Suafrika","ZM":"Zambia","ZW":"Zimbabwe","ZZ":"Tachad dianav pe direizh"}