{"AD":"Andorra","AE":"Ver\u00e4inigti Arabischi Emir\u00e4\u00e4t","AF":"Afganischtan","AG":"Antigua und Barbuda","AI":"Anguilla","AL":"Albaanie","AM":"Armeenie","AN":"Niderl\u00e4ndischi Antille","AO":"Angoola","AQ":"Antarktis","AR":"Argentiinie","AS":"Amerikaanisch-Samoa","AT":"\u00d6\u00f6schtriich","AU":"Auschtraalie","AW":"Aruba","AX":"Aaland-Insle","AZ":"Aserb\u00e4idschan","BA":"Bosnie und Herzegowina","BB":"Barbados","BD":"Bangladesch","BE":"Belgie","BF":"Burkina Faaso","BG":"Bulgaarie","BH":"Bachr\u00e4in","BI":"Burundi","BJ":"Benin","BL":"St. Barthelemi","BM":"Bermuuda","BN":"Brun\u00e4i Tarussalam","BO":"Boliivie","BR":"Brasilie","BS":"Bahaamas","BT":"Bhutan","BV":"Bouvet-Insle","BW":"Botswana","BY":"Wiissrussland","BZ":"Belize","CA":"Kanada","CC":"Kokos-Insle","CD":"Temokraatischi Republik Kongo","CF":"Zentraalafrikaanischi Republik","CG":"Kongo","CH":"Schwiiz","CI":"Elfeb\u00e4ik\u00fcschte","CK":"Cook-Insle","CL":"Tschile","CM":"Kamerun","CN":"Chiina","CO":"Kolumbie","CR":"Coschta Rica","CS":"S\u00e4rbie und Monteneegro","CU":"Kuba","CV":"Kap Verde","CX":"Wienachts-Insle","CY":"Ts\u00fcpere","CZ":"Tschechischi Republik","DE":"T\u00fc\u00fctschland","DJ":"Tschibuuti","DK":"T\u00e4nemark","DM":"Tominica","DO":"Tominikaanischi Republik","DZ":"Algeerie","EC":"Ecuador","EE":"Eestland","EG":"\u00c4g\u00fcpte","EH":"Weschtsahara","ER":"\u00c4ritreea","ES":"Schpanie","ET":"\u00c4zioopie","FI":"Finnland","FJ":"Fitschi","FK":"Falkland-Insle","FM":"Mikroneesie","FO":"F\u00e4r\u00f6er","FR":"Frankriich","GA":"Gabun","GB":"Ver\u00e4inigts Ch\u00f6nigriich","GD":"Grenada","GE":"Geoorgie","GF":"Franz\u00f6sisch-Gu\u00e4jaana","GG":"G\u00e4\u00e4rnsi","GH":"Gaana","GI":"Gibraltar","GL":"Gr\u00f6\u00f6nland","GM":"Gambia","GN":"Gineea","GP":"Guad\u00e4lup","GQ":"\u00c4quatoriaalgineea","GR":"Griecheland","GS":"S\u00fc\u00fcdgeorgie und d\u2019s\u00fc\u00fcdlichi S\u00e4ndwitsch-Insle","GT":"Guatemaala","GU":"Guam","GW":"Gineea-Bissau","GY":"Gu\u00e4jaana","HK":"Sonderverwaltigszone Hongkong","HM":"H\u00f6\u00f6rd- und M\u00e4cDonald-Insle","HN":"Honduras","HR":"Kroaazie","HT":"Haiti","HU":"Ungarn","ID":"Indoneesie","IE":"Irland","IL":"Israel","IM":"Insle vo M\u00e4n","IN":"Indie","IO":"Britischs Territoorium im Indische Oozean","IQ":"Iraak","IR":"Iraan","IS":"Iisland","IT":"Itaalie","JE":"Dsch\u00f6rsi","JM":"Dscham\u00e4ika","JO":"Jordaanie","JP":"Japan","KE":"Keenia","KG":"Kirgiisischtan","KH":"Kambodscha","KI":"Kiribaati","KM":"Komoore","KN":"St. Kitts und Niuwis","KP":"Demokraatischi Volksrepublik Koreea","KR":"Republik Koreea","KW":"Kuw\u00e4it","KY":"K\u00e4im\u00e4n-Insle","KZ":"Kasachschtan","LA":"Laaos","LB":"Libanon","LC":"Sankta Lutschiia","LI":"Li\u00e4chtescht\u00e4i","LK":"Schri Lanka","LR":"Libeeria","LS":"Lesooto","LT":"Littaue","LU":"Luxemburg","LV":"Lettland","LY":"L\u00fc\u00fcbie","MA":"Marokko","MC":"Monaco","MD":"Republik Moldau","ME":"Monteneegro","MF":"St. Martin","MG":"Madagaschkar","MH":"Marshallinsle","MK":"Mazedoonie","ML":"Maali","MM":"M\u00fcanmar","MN":"Mongolei","MO":"Sonderverwaltigszone Macao","MP":"N\u00f6rdlichi Mariaane","MQ":"Martinigg","MR":"Mauretaanie","MS":"Moos\u00f6rrat","MT":"Malta","MU":"Mauriizius","MV":"Malediiwe","MW":"Malaawi","MX":"Mexiko","MY":"Malaisia","MZ":"Mosambik","NA":"Namiibia","NC":"N\u00f6ikaledoonie","NE":"Niger","NF":"Norfolk-Insle","NG":"Nigeeria","NI":"Nicaraagua","NL":"Niderland","NO":"Norweege","NP":"Neepal","NR":"Nauru","NU":"Niue","NZ":"N\u00f6iseeland","OM":"Omaan","PA":"Panama","PE":"Peru","PF":"Franz\u00f6sisch-Polineesie","PG":"Papua-Neuguinea","PH":"Philippiine","PK":"Pakischtan","PL":"Poole","PM":"St. Pierr und Miggelo","PN":"Pitgg\u00e4\u00e4rn","PR":"Puerto Riggo","PS":"Pal\u00e4schtin\u00e4nsischi Gebiet","PT":"Portugal","PW":"Palau","PY":"Paraguai","QA":"Ggatar","RE":"Re\u00fcnioon","RO":"Rum\u00e4\u00e4nie","RS":"S\u00e4rbie","RU":"Russischi F\u00f6derazioon","RW":"Ruanda","SA":"Saudi-Araabie","SB":"Salomoone","SC":"Seisch\u00e4lle","SD":"Sudan","SE":"Schweede","SG":"Singapuur","SH":"St. Helena","SI":"Sloweenie","SJ":"Svalbard und Jaan M\u00e4\u00e4ie","SK":"Slowak\u00e4i","SL":"Sierra Leoone","SM":"San Mariino","SN":"Senegal","SO":"Somaalia","SR":"Surinam","ST":"Sao Tome und Prinssipe","SV":"El Salvador","SY":"S\u00fc\u00fcrie","SZ":"Swasiland","TC":"T\u00f6rks- und Gaiggos-Insle","TD":"Tschad","TF":"Franz\u00f6sischi S\u00fc\u00fcd- und Antarktisgebiet","TG":"Toogo","TH":"Thailand","TJ":"Tadschikischtan","TK":"Tokelau","TL":"Oschttimor","TM":"Turkmeenischtan","TN":"Tuneesie","TO":"Tonga","TR":"T\u00fcrggei","TT":"Trinidad und Tobaago","TV":"Tuvalu","TW":"Taiwan","TZ":"Tansaniia","UA":"Ukraiine","UG":"Uganda","UM":"Amerikanisch-Ozeaanie","US":"Ver\u00e4inigti Schtaate","UY":"Uruguay","UZ":"Uschbeekischtan","VA":"Vatikanstadt","VC":"Sankt W\u00e4ss\u00e4 und d\u2019Gr\u00f6nadiine","VE":"Venezueela","VG":"Britischi Jungfere-Insle","VI":"Amerikaanischi Jungfere-Insle","VN":"Wietnam","VU":"Wanuatu","WF":"Wallis und Futuuna","WS":"Samooa","YE":"Jeeme","YT":"Majott","ZA":"S\u00fc\u00fcdafrika","ZM":"Sambia","ZW":"Simbabwe","ZZ":"Unbekannti oder ung\u00fcltigi Regioon"}