{"AD":"Andorra","AE":"Emirats Arabs Unids","AF":"Afghanistan","AG":"Antigua e Barbuda","AI":"Anguilla","AL":"Albania","AM":"Armenia","AN":"Antillas Ollandaisas","AO":"Angola","AQ":"Antarctica","AR":"Argentinia","AS":"Samoa Americana","AT":"Austria","AU":"Australia","AW":"Aruba","AX":"Inslas Aland","AZ":"Aserbaidschan","BA":"Bosnia ed Erzegovina","BB":"Barbados","BD":"Bangladesch","BE":"Belgia","BF":"Burkina Faso","BG":"Bulgaria","BH":"Bahrain","BI":"Burundi","BJ":"Benin","BL":"Son Barth\u00e9lemy","BM":"Bermudas","BN":"Brunei","BO":"Bolivia","BQ":"Territori Antarctic Britannic","BR":"Brasila","BS":"Bahamas","BT":"Bhutan","BV":"Insla Bouvet","BW":"Botswana","BY":"Bielorussia","BZ":"Belize","CA":"Canada","CC":"Inslas Cocos","CD":"Republica Democratica dal Congo","CF":"Republica Centralafricana","CG":"Congo","CH":"Svizra","CI":"Costa d'Ivur","CK":"Inslas Cook","CL":"Chile","CM":"Camerun","CN":"China","CO":"Columbia","CR":"Costa Rica","CS":"Serbia e Montenegro","CT":"Inslas Canton ed Enderbury","CU":"Cuba","CV":"Cap Verd","CX":"Insla da Christmas","CY":"Cipra","CZ":"Republica Tscheca","DD":"Germania da l'Ost","DE":"Germania","DJ":"Dschibuti","DK":"Danemarc","DM":"Dominica","DO":"Republica Dominicana","DZ":"Algeria","EC":"Ecuador","EE":"Estonia","EG":"Egipta","EH":"Sahara Occidentala","ER":"Eritrea","ES":"Spagna","ET":"Etiopia","EU":"Uniun europeica","FI":"Finlanda","FJ":"Fidschi","FK":"Inslas dal Falkland","FM":"Micronesia","FO":"Inslas Feroe","FQ":"Territoris Meridiunals ed Antarctics Franzos","FR":"Frantscha","FX":"Frantscha Metropolitana","GA":"Gabun","GB":"Reginavel Un\u00ec","GD":"Grenada","GE":"Georgia","GF":"Guyana Franzosa","GG":"Guernsey","GH":"Ghana","GI":"Gibraltar","GL":"Gr\u00f6nlanda","GM":"Gambia","GN":"Guinea","GP":"Guadeloupe","GQ":"Guinea Equatoriala","GR":"Grezia","GS":"Georgia dal Sid e las Inslas Sandwich dal Sid","GT":"Guatemala","GU":"Guam","GW":"Guinea-Bissau","GY":"Guyana","HK":"Regiun d'administraziun speziala da Hongkong, China","HM":"Inslas da Heard e da McDonlad","HN":"Honduras","HR":"Croazia","HT":"Haiti","HU":"Ungaria","ID":"Indonesia","IE":"Irlanda","IL":"Israel","IM":"Insla da Man","IN":"India","IO":"Territori Britannic en l'Ocean Indic","IQ":"Irac","IR":"Iran","IS":"Islanda","IT":"Italia","JE":"Jersey","JM":"Giamaica","JO":"Jordania","JP":"Giapun","JT":"Atoll Johnston","KE":"Kenia","KG":"Kirghisistan","KH":"Cambodscha","KI":"Kiribati","KM":"Comoras","KN":"Saint Kitts e Nevis","KP":"Corea dal Nord","KR":"Corea dal Sid","KW":"Kuwait","KY":"Inslas Cayman","KZ":"Kasachstan","LA":"Laos","LB":"Libanon","LC":"Saint Lucia","LI":"Liechtenstein","LK":"Sri Lanka","LR":"Liberia","LS":"Lesotho","LT":"Lituania","LU":"Luxemburg","LV":"Lettonia","LY":"Libia","MA":"Maroc","MC":"Monaco","MD":"Moldavia","ME":"Montenegro","MF":"Saint Martin","MG":"Madagascar","MH":"Inslas da Marshall","MI":"Inslas da Midway","MK":"Macedonia","ML":"Mali","MM":"Myanmar","MN":"Mongolia","MO":"Regiun d'administraziun speziala Macao, China","MP":"Inslas Mariannas dal Nord","MQ":"Martinique","MR":"Mauretania","MS":"Montserrat","MT":"Malta","MU":"Mauritius","MV":"Maldivas","MW":"Malawi","MX":"Mexico","MY":"Malaisia","MZ":"Mosambic","NA":"Namibia","NC":"Nova Caledonia","NE":"Niger","NF":"Insla Norfolk","NG":"Nigeria","NI":"Nicaragua","NL":"Pajais Bass","NO":"Norvegia","NP":"Nepal","NQ":"Terra da la Regina Maud","NR":"Nauru","NT":"Zona neutrala","NU":"Niue","NZ":"Nova Zelanda","OM":"Oman","PA":"Panama","PC":"Territori fiduziar da las Inslas dal Pacific","PE":"Peru","PF":"Polinesia Franzosa","PG":"Papua Nova Guinea","PH":"Filippinas","PK":"Pakistan","PL":"Pologna","PM":"Saint Pierre e Miquelon","PN":"Pitcairn","PR":"Puerto Rico","PS":"Territori Palestinais","PT":"Portugal","PU":"Diversas inslas dals Stadis Unids da l'America en il Pacific","PW":"Palau","PY":"Paraguai","PZ":"Zona dal Canal da Panama","QA":"Katar","QO":"Oceania Periferica","RE":"R\u00e9union","RO":"Rumenia","RS":"Serbia","RU":"Russia","RW":"Ruanda","SA":"Arabia Saudita","SB":"Salomonas","SC":"Seychellas","SD":"Sudan","SE":"Svezia","SG":"Singapur","SH":"Sontg'Elena","SI":"Slovenia","SJ":"Svalbard e Jan Mayen","SK":"Slovachia","SL":"Sierra Leone","SM":"San Marino","SN":"Senegal","SO":"Somalia","SR":"Surinam","ST":"S\u00e3o Tom\u00e9 e Principe","SU":"Uniun Sovietica","SV":"El Salvador","SY":"Siria","SZ":"Swaziland","TC":"Inslas Turks e Caicos","TD":"Tschad","TF":"Territoris Franzos Meridiunals","TG":"Togo","TH":"Tailanda","TJ":"Tadschikistan","TK":"Tokelau","TL":"Timor da l'Ost","TM":"Turkmenistan","TN":"Tunesia","TO":"Tonga","TR":"Tirchia","TT":"Trinidad e Tobago","TV":"Tuvalu","TW":"Taiwan","TZ":"Tansania","UA":"Ucraina","UG":"Uganda","UM":"Inslas pitschnas perifericas dals Stadis Unids da l'America","US":"Stadis Unids da l'America","UY":"Uruguay","UZ":"Usbekistan","VA":"Citad dal Vatican","VC":"Saint Vincent e las Grenadinas","VD":"Vietnam dal Nord","VE":"Venezuela","VG":"Inslas Verginas Britannicas","VI":"Inslas Verginas Americanas","VN":"Vietnam","VU":"Vanuatu","WF":"Wallis e Futuna","WK":"Insla Wake","WS":"Samoa","YD":"Republica Democratica Populara da Jemen","YE":"Jemen","YT":"Mayotte","ZA":"Africa dal Sid","ZM":"Sambia","ZW":"Simbabwe","ZZ":"Regiun betg encouschenta u nunvalaivla"}