{"AD":"Andorradu","AE":"United Arab Emiratesdu","AF":"Afghanistadu","AG":"Antigua kpl\u025b Barbudaduk\u0254wo","AI":"Anguilladu","AL":"Albaniadu","AM":"Armeniadu","AN":"Nedalands Antilisdu","AO":"Angoladu","AR":"Argentinadu","AS":"Amerika Samoadu","AT":"Austriadu","AU":"Australiadu","AW":"Arubadu","AZ":"Azerbaigyandu","BA":"Bosnia kpl\u025b Herzegovinaduk\u0254wo","BB":"Barbadosdu","BD":"Bangladesidu","BE":"Belgiumdu","BF":"Burkina Fasodu","BG":"Bulgaridu","BH":"Bahraindu","BI":"Burundidu","BJ":"Benindu","BM":"Bermudadu","BN":"Bruneidu","BO":"Boliviadu","BR":"Brazildu","BS":"Bahamasdu","BT":"Bhutandu","BW":"Botswanadu","BY":"Belarusdu","BZ":"Belizidu","CA":"Kanadadu","CD":"Kongo Demokratik Rep\u0254blikdu","CF":"Sentral Afrikan Republikdu","CG":"Kongodu","CH":"Switzerland-du","CI":"Kote d'ivoiredu","CK":"Kook Ailandsduk\u0254wo","CL":"Tsilidu","CM":"Kamerundu","CN":"Tsinadu","CO":"Kolombiadu","CR":"Kosta Rikadu","CS":"Serbia kpl\u025b Montenegroduk\u0254wo","CU":"kubadu","CV":"Kape Verde Ailandsduk\u0254wo","CY":"Syprusdu","CZ":"Tsek Rep\u0254blikdu","DE":"Germanidu","DJ":"Dzibutidu","DK":"Denmarkdu","DM":"Dominikadu","DO":"Dominika Rep\u0254blikdu","DZ":"Algeriadu","EC":"Ekuad\u0254du","EE":"Estoniadu","EG":"Egyptdu","ER":"Eritreadu","ES":"Spaindu","ET":"Etiopiadu","FI":"Finland-du","FJ":"Fidzidu","FK":"Falklan\u0256 Ailandsduk\u0254wo","FM":"Mikronesiadu","FR":"Fransdu","GA":"Gab\u0254ndu","GB":"United Kingdomdu","GD":"Grenadadu","GE":"Georgiadu","GF":"Frentsi Guianadu","GH":"Ghanadu","GI":"Gibraltadu","GL":"Greenland-du","GM":"Gambiadu","GN":"Guinidu","GP":"Guadelupedu","GQ":"Ekuatorial Ginidu","GR":"Greesidu","GT":"Guatemayadu","GU":"Guamdu","GW":"Gini-Bisaodu","GY":"Guyanadu","HN":"Hondurasdu","HR":"Kroashiadu","HT":"Haitidu","HU":"Hungaridu","ID":"Indonesiadu","IE":"Ireland-du","IL":"Izraldu","IN":"In\u0256iadu","IO":"British India Oshiin Territorydu","IQ":"Irakdu","IR":"Irandu","IS":"Aiselanddu","IT":"Italidu","JM":"Gyamaikadu","JO":"Gy\u0254dandu","JP":"Gyapandu","KE":"Kenyadu","KG":"Kyrgyzstandu","KH":"Kambodiadu","KI":"Kiribatidu","KM":"Komorosdu","KN":"Saint Kitis kpl\u025b Nevisduk\u0254wo","KP":"North Koreadu","KR":"South Koreadu","KW":"Kuwaitdu","KY":"Kayman Ailandsduk\u0254wo","KZ":"Kazakstandu","LA":"Laosdu","LB":"Leban\u0254ndu","LC":"Saint Lusiadu","LI":"Litsensteindu","LK":"Sri Lankadu","LR":"Liberiadu","LS":"L\u025bsotodu","LT":"Lituaniadu","LU":"Luxemb\u0254gdu","LV":"Latviadu","LY":"Libyadu","MA":"Morokodu","MC":"Monakodu","MD":"Moldovadu","MG":"Madagaskadu","MH":"Marshal Aislandsdu","MK":"Masedoniadu","ML":"Malidu","MM":"Myanmardu","MN":"Mongoliadu","MP":"Norh Mariana Ailanduk\u0254wo","MQ":"Martinikidu","MR":"M\u0254ritaniadu","MS":"Montserratdu","MT":"Maltadu","MU":"M\u0254ritiusdu","MV":"Maldivisdu","MW":"Malawidu","MX":"Mesikodu","MY":"Malaysiadu","MZ":"Mozambikidu","NA":"Namibiadu","NC":"New Kaledoniadu","NE":"Nigerdu","NF":"Norfolk Ailanddu","NG":"Nigeriadu","NI":"Nikaraguadu","NL":"Nedalandsdu","NO":"Norwaydu","NP":"Nepaldu","NR":"Naurudu","NU":"Niuedu","NZ":"New Zealand-du","OM":"Omandu","PA":"Panamadu","PE":"Perudu","PF":"Frentsi Polynesiadu","PG":"Papua New Guineadu","PH":"Philipinsdu","PK":"Pakistandu","PL":"Polandu","PM":"Saint Pierre kpl\u025b Mikel\u0254nduk\u0254wo","PN":"Pitkairndu","PR":"Puerto Rikodu","PS":"Palestinia West Bank kpl\u025b Gazaduk\u0254wo","PT":"Portugaldu","PW":"Palaudu","PY":"Paraguadu","QA":"Katadu","RE":"Reuniondu","RO":"Romaniadu","RU":"Russiadu","RW":"Rwandadu","SA":"Saudi Arabiadu","SB":"Solomon Ailanduk\u0254wo","SC":"Seysh\u025blsdu","SD":"Sudandu","SE":"Swedendu","SG":"Singap\u0254rdu","SH":"Saint Helenadu","SI":"Sloveniadu","SK":"Slovakiadu","SL":"Sierra Leonedu","SM":"San Marinodu","SN":"Senegaldu","SO":"Somaliadu","SR":"Surinamedu","ST":"Sao Tome kpl\u025b Prinsipiduk\u0254wo","SV":"El Savad\u0254du","SY":"Syriadu","SZ":"Swaziland-du","TC":"Turks kpl\u025b kaikos Islandsduk\u0254wo","TD":"Tsad-du","TG":"Togodu","TH":"Thailand-du","TJ":"Taghikistandu","TK":"Tokelaudu","TL":"East Timordu","TM":"Turkmenistandu","TN":"Tunisiadu","TO":"Tongadu","TR":"Turkeedu","TT":"Trinidad kpl\u025b Tobagoduk\u0254wo","TV":"Tuvaludu","TW":"Taiwandu","TZ":"Tanzaniadu","UA":"Ukrainedu","UG":"Ugandadu","US":"USA-duk\u0254wo","UY":"Uruguaydu","UZ":"Uzbekistandu","VA":"Vatikan Statedu","VC":"Saint Vinsent kpl\u025b Grenadinisduk\u0254wo","VE":"Venezueladu","VG":"British Virgin Islandsduk\u0254wo","VI":"U.S Virgin Islandsduk\u0254wo","VN":"Vietnamdu","VU":"Vanuatudu","WF":"Wallis kpl\u025b Futunadu","WS":"Samoadu","YE":"Yemendu","YT":"Mayotidu","ZA":"South Afrikadu","ZM":"Zambiadu","ZW":"Zimbabwedu"}