{"AD":"Andorra","AE":"Emiratele Arabe Unite","AF":"Afganistan","AG":"Antigua \u0219i Barbuda","AI":"Anguilla","AL":"Albania","AM":"Armenia","AN":"Antilele Olandeze","AO":"Angola","AQ":"Antarctica","AR":"Argentina","AS":"Samoa American\u0103","AT":"Austria","AU":"Australia","AW":"Aruba","AX":"Insulele Aland","AZ":"Azerbaidjan","BA":"Bosnia \u0219i Her\u021begovina","BB":"Barbados","BD":"Bangladesh","BE":"Belgia","BF":"Burkina Faso","BG":"Bulgaria","BH":"Bahrain","BI":"Burundi","BJ":"Benin","BL":"Sf\u00e2ntul Bartolomeu","BM":"Bermuda","BN":"Brunei","BO":"Bolivia","BR":"Brazilia","BS":"Bahamas","BT":"Bhutan","BV":"Insula Bouvet","BW":"Botswana","BY":"Bielorusia","BZ":"Belize","CA":"Canada","CC":"Insulele Cocos","CD":"Republica Democrat\u0103 Congo","CF":"Republica Centrafrican\u0103","CG":"Congo","CH":"Eleve\u021bia","CI":"Coasta de Filde\u0219","CK":"Insulele Cook","CL":"Chile","CM":"Camerun","CN":"China","CO":"Columbia","CR":"Costa Rica","CS":"Serbia \u0219i Muntenegru","CU":"Cuba","CV":"Capul Verde","CX":"Insula Christmas","CY":"Cipru","CZ":"Republica Ceh\u0103","DE":"Germania","DJ":"Djibouti","DK":"Danemarca","DM":"Dominica","DO":"Republica Dominican\u0103","DZ":"Algeria","EC":"Ecuador","EE":"Estonia","EG":"Egipt","EH":"Sahara Occidental\u0103","ER":"Eritreea","ES":"Spania","ET":"Etiopia","FI":"Finlanda","FJ":"Fiji","FK":"Insulele Falkland","FM":"Micronezia","FO":"Insulele Feroe","FR":"Fran\u021ba","GA":"Gabon","GB":"Marea Britanie","GD":"Grenada","GE":"Georgia","GF":"Guyana Francez\u0103","GG":"Guernsey","GH":"Ghana","GI":"Gibraltar","GL":"Groenlanda","GM":"Gambia","GN":"Guineea","GP":"Guadelupa","GQ":"Guineea Ecuatorial\u0103","GR":"Grecia","GS":"Insulele Georgia de Sud \u0219i Sandwich de Sud","GT":"Guatemala","GU":"Guam","GW":"Guineea-Bissau","GY":"Guyana","HK":"R.A.S. Hong Kong a Chinei","HM":"Insula Heard \u0219i Insulele McDonald","HN":"Honduras","HR":"Croa\u021bia","HT":"Haiti","HU":"Ungaria","ID":"Indonezia","IE":"Irlanda","IL":"Israel","IM":"Insula Man","IN":"India","IO":"Teritoriul Britanic din Oceanul Indian","IQ":"Irak","IR":"Iran","IS":"Islanda","IT":"Italia","JE":"Jersey","JM":"Jamaica","JO":"Iordania","JP":"Japonia","KE":"Kenya","KG":"K\u00e2rg\u00e2zstan","KH":"Cambodgia","KI":"Kiribati","KM":"Comore","KN":"Sf\u00e2ntul Kitts \u0219i Nevis","KP":"Coreea de Nord","KR":"Coreea de Sud","KW":"Kuweit","KY":"Insulele Cayman","KZ":"Kazahstan","LA":"Laos","LB":"Liban","LC":"Sf\u00e2nta Lucia","LI":"Liechtenstein","LK":"Sri Lanka","LR":"Liberia","LS":"Lesotho","LT":"Lituania","LU":"Luxemburg","LV":"Letonia","LY":"Libia","MA":"Maroc","MC":"Monaco","MD":"Republica Moldova","ME":"Muntenegru","MF":"Sf\u00e2ntul Martin","MG":"Madagascar","MH":"Insulele Marshall","MK":"Macedonia","ML":"Mali","MM":"Myanmar","MN":"Mongolia","MO":"R.A.S. Macao a Chinei","MP":"Insulele Mariane de Nord","MQ":"Martinica","MR":"Mauritania","MS":"Montserrat","MT":"Malta","MU":"Mauritius","MV":"Maldive","MW":"Malawi","MX":"Mexic","MY":"Malaezia","MZ":"Mozambic","NA":"Namibia","NC":"Noua Caledonie","NE":"Niger","NF":"Insulele Norfolk","NG":"Nigeria","NI":"Nicaragua","NL":"Olanda","NO":"Norvegia","NP":"Nepal","NR":"Nauru","NU":"Niue","NZ":"Noua Zeeland\u0103","OM":"Oman","PA":"Panama","PE":"Peru","PF":"Polinezia Francez\u0103","PG":"Papua Noua Guinee","PH":"Filipine","PK":"Pakistan","PL":"Polonia","PM":"Sf\u00e2ntul Pierre \u0219i Miquelon","PN":"Pitcairn","PR":"Porto Rico","PS":"Teritoriul Palestinian","PT":"Portugalia","PW":"Palau","PY":"Paraguay","QA":"Qatar","RE":"Reunion","RO":"Rom\u00e2nia","RS":"Serbia","RU":"Rusia","RW":"Rwanda","SA":"Arabia Saudit\u0103","SB":"Insulele Solomon","SC":"Seychelles","SD":"Sudan","SE":"Suedia","SG":"Singapore","SH":"Sf\u00e2nta Elena","SI":"Slovenia","SJ":"Svalbard \u0219i Jan Mayen","SK":"Slovacia","SL":"Sierra Leone","SM":"San Marino","SN":"Senegal","SO":"Somalia","SR":"Surinam","ST":"Sao Tome \u0219i Principe","SV":"El Salvador","SY":"Siria","SZ":"Swaziland","TC":"Insulele Turks \u0219i Caicos","TD":"Ciad","TF":"Teritoriile Australe \u0219i Antarctice Franceze","TG":"Togo","TH":"Thailanda","TJ":"Tadjikistan","TK":"Tokelau","TL":"Timorul de Est","TM":"Turkmenistan","TN":"Tunisia","TO":"Tonga","TR":"Turcia","TT":"Trinidad-Tobago","TV":"Tuvalu","TW":"Taiwan","TZ":"Tanzania","UA":"Ucraina","UG":"Uganda","UM":"Insulele mici \u00eendep\u0103rtate ale Statelor Unite ale Americii","US":"Statele Unite ale Americii","UY":"Uruguay","UZ":"Uzbekistan","VA":"Vatican","VC":"Sf\u00e2ntul Vincent \u0219i Grenadine","VE":"Venezuela","VG":"Insulele Virgine Britanice","VI":"Insulele Virgine S.U.A.","VN":"Vietnam","VU":"Vanuatu","WF":"Wallis \u0219i Futuna","WS":"Samoa","YE":"Yemen","YT":"Mayotte","ZA":"Africa de Sud","ZM":"Zambia","ZW":"Zimbabwe","ZZ":"Regiune necunoscut\u0103 sau nevalid\u0103"}