{"AC":"A\u00dfension","AD":"Andorra","AE":"Vereinschte Arrabesche Emmirate","AF":"Afjaanistahn","AG":"Antigwa un Barbuda","AI":"Anggwilla","AL":"Albaanije","AM":"Arrmeenije","AN":"Nederl\u00e4ngsche Antille","AO":"Angjoola","AQ":"S\u00f6dpol","AR":"Ajjentiinije","AS":"Ammerikaanesch Sammoha","AT":"\u00d6\u00f6sterisch","AU":"Austraalije","AW":"Aruba","AX":"Ohland-Enselle","AZ":"Asserbaidschahn","BA":"Bo\u00dfnije","BB":"Ensel Barbados","BD":"Bangladesch","BE":"Bellje","BF":"Bukkinna-Faase","BG":"Bulljaarije","BH":"Bachrain","BI":"Burundi","BJ":"Benin","BL":"de Zint Batt\u00e4lmi-Enselle","BM":"Bermudas","BN":"Brunei","BO":"Bolliivije","BR":"Brasilije","BS":"Bahamas","BT":"Buttaan","BV":"Buvee-Ensel","BW":"Bozwaana","BY":"Wie\u00dfru\u00dfland","BZ":"Belize","CA":"Kannada","CC":"Kokkos-Enselle","CD":"Konggo-Kinshasa","CF":"Zetraalaffrikanesche Republik","CG":"Konggo (Brassavill)","CH":"Schweiz","CI":"\u00c4lfebeijn-K\u00f6\u00df","CK":"Kuuk-Enselle","CL":"Schiile","CM":"Kammeruhn","CN":"Schiina","CO":"Kolumbije","CP":"Klipperton-Ensel","CR":"Kostarika","CU":"Kuba","CV":"Kapv\u00e4rdesche Enselle","CX":"Weihnaachs-Ensel","CY":"Z\u00fcppere","CZ":"Tsch\u00e4schei","DE":"Do\u00fctschland","DG":"Diego-Garcia-Ensel","DJ":"Dschibutti","DK":"D\u00e4nemark","DM":"Dominnika","DO":"Dommenekaanesche Reppublik","DZ":"Alljeerije","EA":"Ze'uta un Meliija","EC":"\u00c4kwador","EE":"\u00c4\u00dfland","EG":"\u00c4j\u00fcpte","EH":"W\u00e4\u00df-Sahara","ER":"\u00c4ritreja","ES":"Schpaanije","ET":"\u00c4ttijoopije","EU":"Eurpp\u00e4esche Unijon","FI":"Finnland","FJ":"Fischei-Endelle","FK":"Falkland-Enselle","FM":"Mikroneesije","FO":"F\u00e4rr\u00f6r-Enselle","FR":"Frankrisch","GA":"Jabuhn","GB":"Jruu\u00dfbrettannije","GD":"Jrenaada","GE":"Jeorrjije","GF":"Franz\u00fc\u00fcsesch Jujaana","GG":"J\u00f6\u00f6nsei","GH":"Jaana","GI":"Jibralltaa","GL":"Jr\u00f6hnland","GM":"Jambija","GN":"Jinneha","GP":"Juadelupp","GQ":"\u00c4quatorial Jineeja","GR":"Jriescheland","GS":"S\u00f6d-Jeorjie un de s\u00f6dlijje Botteramms-Enselle","GT":"Juwatemaala","GU":"Juham","GW":"Jinneha_Bi\u00dfau","GY":"Jujaana","HK":"Hong-Kong","HM":"de Heart Ensel un de McDonal-Enselle","HN":"Honduras","HR":"Krowazije","HT":"Ha'itti","HU":"Unjann","IC":"Kannaresche Enselle","ID":"Indoneesije","IE":"Irrland","IL":"I\u00dfra\u00e4l","IM":"Ensel M\u00e4n","IN":"Indije","IO":"Brettesche Besezunge em indesche Oozejahn","IQ":"Irak","IR":"Persije","IS":"I\u00dfland","IT":"Itaalije","JE":"J\u00f6\u00f6seh","JM":"Jammaika","JO":"Jordaanija","JP":"Japan","KE":"Keenija","KG":"Kirrjiisije","KH":"Kambodscha","KI":"Kiribati","KM":"Kommoore","KN":"Zimt Kitts un Nevis","KP":"Nood-Koreja","KR":"S\u00f6d-Koreja","KW":"Kuweit","KY":"Kaiman-Enselle","KZ":"Kassakstahn","LA":"La'os","LB":"Libbannon","LC":"Zint-Lutscha-Ensel","LI":"Lischtestein","LK":"Sri Lanka","LR":"Libeerija","LS":"Lesooto","LT":"Lizzaue","LU":"Luxembursch","LV":"L\u00e4tland","LY":"Libbija","MA":"Marokko","MC":"Monakko","MD":"Moldaavije","ME":"Monteneejro","MF":"Sint-M\u00e4\u00e4tes-Ensel","MG":"Maddajaska","MH":"Machschall-Enselle","MK":"Mazedoonije","ML":"Maali","MM":"Birma","MN":"Mongjolei","MO":"Makau","MP":"de n\u00f6\u00f6dlijje Marijanne-Enselle","MQ":"Machtinik","MR":"Mautitaanije","MS":"Mong\u00dferrat","MT":"Malta","MU":"Maurizijus","MV":"Mallediive","MW":"Malawi","MX":"Mexico","MY":"Malaisije","MZ":"Mosambik","NA":"Namiibije","NC":"Neuschottland","NE":"Nijer","NF":"Noofok-Ensel","NG":"Nikaraagua","NI":"Nikaraaguwa","NL":"Nederl\u00e4ng","NO":"Norrweeje","NP":"Nepall","NR":"Nauru","NU":"Niue","NZ":"Neuseeland","OM":"Oman","PA":"Pannama","PE":"Perruh","PF":"Franz\u00fc\u00fcsesch Pollineesije","PG":"Papuwa Neujineeja","PH":"Fillipiine","PK":"Pakistahn","PL":"Pole","PM":"Zint Pj\u00e4\u00e4r un Mikelong","PN":"Pitk\u00e4rn-Ensel","PR":"Pochtoriko","PS":"Pal\u00e4stina","PT":"Pochtojall","PW":"Pallau","PY":"Parraguwai","QA":"Kataa","QO":"Ozejaanije u\u00dferhallef","RE":"Rehunjohn","RO":"Rom\u00e4\u00e4nije","RS":"Serbije","RU":"Ru\u00dfland","RW":"Ruanda","SA":"Saudi Arraabije","SB":"de Solomone-Enselle","SC":"Seisch\u00e4lle","SD":"Sudan","SE":"Schweede","SG":"Singjapuur","SH":"Sint-Hellena-Ensel","SI":"\u00dfloveenije","SJ":"de Enselle Svalbard un Jan Mayen","SK":"\u00dflovakei","SL":"Sj\u00e4rra Lejone","SM":"San-Marino","SN":"Sennejall","SO":"Somaalije","SR":"S\u00fcrinamm","ST":"Zint Tommeh un Printschipe","SV":"\u00c4l Slavadoor","SY":"S\u00fcrije","SZ":"\u00dfwaasiland","TA":"Tristan da Cunja","TC":"Turks un Kaikos Enselle","TD":"Tschad","TF":"Franz\u00fc\u00fcsesche S\u00f6dsee-Enselle","TG":"Toojo","TH":"Tailand","TJ":"Tadschikistahn","TK":"Tokelau","TL":"O\u00df-Timor","TM":"Turkmenistahn","TN":"Tuneesije","TO":"Tongga","TR":"T\u00fcrkei","TT":"Trinidad un Tob\u00e4\u00e4jo","TV":"Tuvalu","TW":"Taiwan","TZ":"Tansanija","UA":"Ukra'iine","UG":"Ujanda","UM":"De Vereineschte Schtaate vun Am\u00e4rrika ier klein Enselsche u\u00dferhallef","US":"Vereineschte Schtaate vun Amm\u00e4rrika","UY":"Urruguwai","UZ":"U\u00dfbeekistahn","VA":"Vattikahn","VC":"Zint Vinz\u00e4nz un de Jrenadines-Enselle","VE":"Venezuela","VG":"Brettesche Juffer-Enselle","VI":"Amm\u00e4rrikahnesche Juffer-Enselle","VN":"Vij\u00e4tnamm","VU":"Vanuatu","WF":"Wallis un Futuna","WS":"Sammoha","YE":"J\u00e4mmen","YT":"Majott","ZA":"S\u00f6daffrika","ZM":"Sambija","ZW":"Simbabwe","ZZ":"J\u00e4\u00e4jend onbikannt"}