{"AD":"Andorra","AE":"Verenigde Arabiese Emirate","AF":"Afganistan","AG":"Antigua en Barbuda","AL":"Albani\u00eb","AM":"Armeni\u00eb","AN":"Nederlands-Antille","AO":"Angola","AQ":"Antarktika","AR":"Argentini\u00eb","AS":"Amerikaans Samoa","AT":"Oostenryk","AU":"Australi\u00eb","AZ":"Aserbeidjan","BA":"Bosni\u00eb en Herzegowina","BD":"Bangladesj","BE":"Belgi\u00eb","BF":"Boerkina Fasso","BG":"Bulgarye","BH":"Bahrein","BJ":"Benin","BN":"Broenei","BO":"Bolivi\u00eb","BR":"Brasili\u00eb","BS":"Bahamas","BT":"Bhoetan","BW":"Botswana","BY":"Wit-Rusland","CA":"Kanada","CF":"Sentraal-Afrikaanse Republiek","CG":"Kongo","CH":"Switserland","CI":"Ivoorkus","CL":"Chili","CM":"Kameroen","CN":"Sjina","CR":"Costa Rica","CS":"Serwi\u00eb en Montenegro","CU":"Kuba","CV":"Kaap Verde","CY":"Ciprus","CZ":"Tjeggiese Republiek","DE":"Duitsland","DJ":"Djiboeti","DK":"Denemarke","DO":"Dominikaanse Republiek","DZ":"Algeri\u00eb","EE":"Estland","EG":"Egipte","EH":"Wes-Sahara","ES":"Spanje","ET":"Ethiopi\u00eb","FI":"Finland","FJ":"Fidji","FK":"Falklandeilande","FM":"Mikronesi\u00eb","FO":"Faro\u00ebreilande","FR":"Frankryk","GA":"Gaboen","GB":"Groot-Brittanje","GE":"Georgi\u00eb","GF":"Frans-Guyana","GH":"Ghana","GL":"Groenland","GM":"Gambi\u00eb","GN":"Guinee","GQ":"Ekwatoriaal-Guinee","GR":"Griekeland","GW":"Guinee-Bissau","HK":"Hongkong","HR":"Kroasi\u00eb","HT":"Ha\u00efti","HU":"Hongarye","ID":"Indonesi\u00eb","IE":"Ierland","IL":"Israel","IN":"Indi\u00eb","IQ":"Irak","IR":"Iran","IS":"Ysland","IT":"Itali\u00eb","JM":"Jamaika","JO":"Jordani\u00eb","JP":"Japan","KE":"Kenia","KG":"Kirgisi\u00eb","KH":"Kambodja","KM":"Comore","KN":"Saint Kitts en Nevis","KP":"Noord-Korea","KR":"Suid-Korea","KW":"Koeweit","KY":"Kaaimanseilande","KZ":"Kasakstan","LA":"Laos","LB":"Libanon","LI":"Liechtenstein","LK":"Sri Lanka","LR":"Liberi\u00eb","LS":"Lesotho","LT":"Litaue","LU":"Luxemburg","LV":"Letland","LY":"Libi\u00eb","MA":"Marokko","MC":"Monaco","MG":"Madagaskar","MH":"Marshall-eilande","MK":"Macedoni\u00eb","ML":"Mali","MN":"Mongoli\u00eb","MO":"Macao","MR":"Mouritani\u00eb","MT":"Malta","MU":"Mauritius","MV":"Maldive","MX":"Meksiko","MY":"Maleisi\u00eb","MZ":"Mosambiek","NA":"Namibi\u00eb","NC":"Nieu-Kaledoni\u00eb","NE":"Niger","NG":"Nigeri\u00eb","NI":"Nicaragua","NL":"Nederland","NO":"Noorwe\u00eb","NR":"Naoeroe","NZ":"Nieu-Seeland","OM":"Oman","PA":"Panama","PE":"Peru","PG":"Papoea Nieu-Guinee","PH":"Filippyne","PK":"Pakistan","PL":"Pole","PR":"Puerto Rico","PT":"Portugal","PY":"Paraguay","QA":"Katar","RE":"R\u00e9union","RO":"Roemeni\u00eb","RU":"Rusland","RW":"Rwanda","SA":"Saoedi-Arabi\u00eb","SB":"Solomon Eilande","SC":"Seychelle","SD":"Soedan","SE":"Swede","SG":"Singapoer","SI":"Sloweni\u00eb","SK":"Slowakye","SL":"Sierra Leone","SM":"San Marino","SN":"Senegal","SO":"Somali\u00eb","SR":"Suriname","ST":"Sao Tome en Principe","SV":"Salvador","SY":"Siri\u00eb","SZ":"Swaziland","TD":"Tsjaad","TH":"Thailand","TJ":"Tadjikistan","TM":"Turkmeni\u00eb","TN":"Tunisi\u00eb","TO":"Tonga","TR":"Turkye","TT":"Trinidad en Tobago","TW":"Taiwan","TZ":"Tanzani\u00eb","UA":"Oekraine","UG":"Uganda","US":"Verenigde State van Amerika","UZ":"Oesbekistan","VA":"Vatikaan","VC":"Saint Vincent en die Grenadine","VE":"Venezuela","VN":"Vi\u00ebtnam","WS":"Samoa","YE":"Jemen","ZA":"Suid-Afrika","ZM":"Zambi\u00eb","ZW":"Zimbabwe"}