{"AD":"Andora","AE":"Emiradus Arabi Unidu","AF":"Afeganist\u00e3u","AG":"Antigua i Barbuda","AI":"Angila","AL":"Albania","AM":"Armenia","AN":"Antilhas Olandeza","AO":"Angola","AR":"Arjentina","AS":"Samoa Merkanu","AT":"Austria","AU":"Australia","AW":"Aruba","AZ":"Azerbaij\u00e3u","BA":"Bosnia-Erzegovina","BB":"Barbadus","BD":"Bangladexi","BE":"B\u00e9ljika","BF":"Burkina Fasu","BG":"Bulgaria","BH":"Barain","BI":"Burundi","BJ":"Benin","BM":"Bermudas","BN":"Brunei","BO":"Bolivia","BR":"Brazil","BS":"Baamas","BT":"But\u00e3u","BW":"Botsuana","BY":"Belarus","BZ":"Belizi","CA":"Kanad\u00e1","CD":"Republika Dimokratika di Kongu","CF":"Republika Sentru-Afrikanu","CG":"Kongu","CH":"Suisa","CI":"Kosta di Marfin","CK":"Ilhas Kuk","CL":"Xili","CM":"Kamar\u00f5is","CN":"Xina","CO":"Kulombia","CR":"Kosta Rika","CS":"Servia i Montinegru","CU":"Kuba","CV":"Kabu Verdi","CY":"Xipri","CZ":"Republika Txeka","DE":"Alimanha","DJ":"Djibuti","DK":"Dinamarka","DM":"Dominika","DO":"Rep\u00fablika Dominikana","DZ":"Arjelia","EC":"Ekuador","EE":"Stonia","EG":"Ejitu","ER":"Iritreia","ES":"Spanha","ET":"Itiopia","FI":"Finlandia","FJ":"Fidji","FK":"Ilhas Malvinas","FM":"Mikronezia","FR":"Fransa","GA":"Gab\u00e3u","GB":"Reinu Unidu","GD":"Granada","GE":"Jiorjia","GF":"Giana Franseza","GH":"Gana","GI":"Jibraltar","GL":"Gronelandia","GM":"Gambia","GN":"Gine","GP":"Guadalupi","GQ":"Gine Ekuatorial","GR":"Gresia","GT":"Guatimala","GU":"Guam","GW":"Gine-Bisau","GY":"Giana","HN":"Onduras","HR":"Kroasia","HT":"Aiti","HU":"Ungria","ID":"Indonezia","IE":"Irlanda","IL":"Israel","IN":"India","IO":"Ilhas Britanika di Indiku","IQ":"Iraki","IR":"Iron","IS":"Islandia","IT":"Italia","JM":"Jamaika","JO":"Jordania","JP":"Jap\u00e3u","KE":"Kenia","KG":"Kirgiston","KH":"Kambodja","KI":"Kiribati","KM":"Kamoris","KN":"S\u00e3u Kristov\u00e3u i Nevis","KP":"Koreia di Norti","KR":"Koreia di Sul","KW":"Kueiti","KY":"Ilhas Kaim\u00e3u","KZ":"Kazakist\u00e3u","LA":"Laus","LB":"Libanu","LC":"Santa L\u00fasia","LI":"Lixenstain","LK":"Sri Lanka","LR":"Liberia","LS":"Lezotu","LT":"Lituania","LU":"Luxemburgu","LV":"Letonia","LY":"Libia","MA":"Marokus","MC":"Monaku","MD":"Moldavia","MG":"Madagaskar","MH":"Ilhas Marxal","MK":"Masidonia","ML":"Mali","MM":"Mianmar","MN":"Mongolia","MP":"Ilhas Marianas di Norti","MQ":"Martinika","MR":"Mauritania","MS":"Monserat","MT":"Malta","MU":"Ilhas Maurisia","MV":"Maldivas","MW":"Malaui","MX":"Mexiku","MY":"Malazia","MZ":"Musambiki","NA":"Namibia","NC":"Nova Kalidonia","NE":"Nijer","NF":"Ilhas Norfolk","NG":"Nijeria","NI":"Nikaragua","NL":"Olanda","NO":"Noruega","NP":"Nepal","NR":"Nauru","NU":"Niue","NZ":"Nova Zilandia","OM":"Oman","PA":"Panama","PE":"Peru","PF":"Polinezia Franseza","PG":"Papua-Nova Gine","PH":"Filipinas","PK":"Pakist\u00e3u","PL":"Pulonia","PM":"San Piere i Mikelon","PN":"Pirkairn","PR":"Portu Riku","PS":"Palistina","PT":"Purtugal","PW":"Palau","PY":"Paraguai","QA":"Katar","RE":"Runion","RO":"Romenia","RU":"R\u00fasia","RW":"Ruanda","SA":"Arabia Saudita","SB":"Ilhas Salumon","SC":"Seixelis","SD":"Sud\u00e3u","SE":"Suesia","SG":"Singapura","SH":"Santa Ilena","SI":"Slovenia","SK":"Slovakia","SL":"Sera Lioa","SM":"San Marinu","SN":"Senegal","SO":"Sumalia","SR":"Surinami","ST":"S\u00e3u Tume i Prinsipi","SV":"El Salvador","SY":"Siria","SZ":"Suazil\u00e1ndia","TC":"Ilhas Turkas i Kaikus","TD":"Txadi","TG":"Togu","TH":"Tailandia","TJ":"Tadjikist\u00e3u","TK":"Tokelau","TL":"Timor Lesti","TM":"Turkumenist\u00e3u","TN":"Tunizia","TO":"Tonga","TR":"Turkia","TT":"Trinidad i Tobagu","TV":"Tuvalu","TW":"Taiuan","TZ":"Tanzania","UA":"Ukrania","UG":"Uganda","US":"Stadus Unidos di Merka","UY":"Uruguai","UZ":"Uzbekist\u00e3u","VA":"Vatikanu","VC":"S\u00e3u Bisenti i Granadinas","VE":"Vinizuea","VG":"Ilhas Virjens Britanikas","VI":"Ilhas Virjens Merkanu","VN":"Vietnam","VU":"Vanuatu","WF":"Ualis i Futuna","WS":"Samoa","YE":"Iemen","YT":"Maiote","ZA":"Afrika di Sul","ZM":"Zambia","ZW":"Zimbabui"}