{"AD":"And\u00f3ra","AE":"Aontas na n\u00c9im\u00edr\u00edochta\u00ed Arabacha","AF":"An Afganast\u00e1in","AG":"Aint\u00edge agus Barb\u00fada","AI":"Anguilla","AL":"An Alb\u00e1in","AM":"An Airm\u00e9in","AN":"Antill\u00ed na h\u00cdsilt\u00edre","AO":"Ang\u00f3la","AQ":"An Antartaice","AR":"An Airgint\u00edn","AS":"Sam\u00f3 Meirice\u00e1nach","AT":"An Ostair","AU":"An Astr\u00e1il","AW":"Ar\u00faba","AX":"Oile\u00e1in Alaind","AZ":"An Asarbaise\u00e1in","BA":"An Bhoisnia agus Heirseag\u00f3v\u00e9in","BB":"Barbad\u00f3s","BD":"An Bhanglaid\u00e9is","BE":"An Bheilg","BF":"Buirc\u00edne Fas\u00f3","BG":"An Bhulg\u00e1ir","BH":"Bair\u00e9in","BI":"An Bhur\u00fain","BJ":"Beinin","BM":"Beirmi\u00fada","BN":"Br\u00fain\u00e9","BO":"An Bholaiv","BR":"An Bhrasa\u00edl","BS":"Na Bah\u00e1ma\u00ed","BT":"An Bh\u00fat\u00e1in","BV":"Oile\u00e1n Bouvet","BW":"An Bhotsu\u00e1in","BY":"An Bhealar\u00fais","BZ":"An Bheil\u00eds","CA":"Ceanada","CC":"Oile\u00e1in na gC\u00f3c\u00f3nna","CD":"Poblacht Dhaonlathach an Chong\u00f3","CF":"Poblacht na hAfraice L\u00e1ir","CG":"An Cong\u00f3","CH":"An Eilv\u00e9is","CI":"An C\u00f3sta Eabhair","CK":"Oile\u00e1in Cook","CL":"An tSile","CM":"Camar\u00fan","CN":"An tS\u00edn","CO":"An Chol\u00f3im","CR":"C\u00f3sta R\u00edce","CS":"An tSeirbia agus Montain\u00e9agr\u00f3","CU":"C\u00faba","CV":"An Rinn Ghlas","CX":"Oile\u00e1n na Nollag","CY":"An Chipir","CZ":"Poblacht na Seice","DE":"An Ghearm\u00e1in","DJ":"Djibouti","DK":"An Danmhairg","DM":"Doiminice","DO":"An Phoblacht Dhoiminiceach","DZ":"An Ailg\u00e9ir","EC":"Eacuad\u00f3r","EE":"An East\u00f3in","EG":"An \u00c9igipt","EH":"An Sah\u00e1ra Thiar","ER":"An Eiritr\u00e9","ES":"An Sp\u00e1inn","ET":"An Aet\u00f3ip","FI":"An Fhionlainn","FJ":"Fids\u00ed","FK":"Oile\u00e1in Fh\u00e1clainne","FM":"An Mhicrin\u00e9is","FO":"Oile\u00e1in Fhar\u00f3","FR":"An Fhrainc","GA":"An Ghab\u00fain","GB":"An R\u00edocht Aontaithe","GD":"Grenada","GE":"An tSeoirsia","GF":"An Ghu\u00e1in Fhrancach","GG":"Geansa\u00ed","GH":"G\u00e1na","GI":"Giobr\u00e1ltar","GL":"An Ghraonlainn","GM":"An Ghaimbia","GN":"An Ghuine","GP":"Guadal\u00faip","GQ":"An Ghuine Mhe\u00e1nchriosach","GR":"An Ghr\u00e9ig","GS":"An tSeoirsia Theas agus Oile\u00e1in Sandwich Theas","GT":"Guatamala","GU":"Guam","GW":"An Ghuine-Bhissau","GY":"An Ghu\u00e1in","HK":"R.R.S. na S\u00edne Hong Cong","HM":"Oile\u00e1n Heard agus Oile\u00e1in McDonald","HN":"Hond\u00faras","HR":"An Chr\u00f3it","HT":"H\u00e1it\u00ed","HU":"An Ung\u00e1ir","ID":"An Indin\u00e9is","IE":"\u00c9ire","IL":"Iosrael","IM":"Oile\u00e1n Mhanann","IN":"An India","IO":"Cr\u00edocha Briotanacha an Aig\u00e9in Indiagh","IQ":"An Iar\u00e1ic","IR":"An Iar\u00e1in","IS":"An \u00cdoslainn","IT":"An Iod\u00e1il","JE":"Geirs\u00ed","JM":"Iam\u00e1ice","JO":"An Iord\u00e1in","JP":"An tSeap\u00e1in","KE":"An Ch\u00e9inia","KG":"An Chirgeast\u00e1in","KH":"An Chamb\u00f3id","KI":"Ciribeas","KM":"Oile\u00e1in Chom\u00f3ra","KN":"Saint Kitts agus Nevis","KP":"An Ch\u00f3ir\u00e9 Thuaidh","KR":"An Ch\u00f3ir\u00e9 Theas","KW":"Cu\u00e1it","KY":"Oile\u00e1in na gCadhman","KZ":"An Chasacst\u00e1in","LA":"Laos","LB":"An Liob\u00e1in","LC":"San L\u00faisia","LI":"Lichtinst\u00e9in","LK":"Sr\u00ed Lanca","LR":"An Lib\u00e9ir","LS":"Leos\u00f3ta","LT":"An Liotu\u00e1in","LU":"Lucsamburg","LV":"An Laitvia","LY":"An Libia","MA":"Marac\u00f3","MC":"Monac\u00f3","MD":"An Mhold\u00f3iv","ME":"Montain\u00e9agr\u00f3","MG":"Madagascar","MH":"Oile\u00e1in Marshall","MK":"An Mhacad\u00f3in","ML":"Mail\u00ed","MM":"Maenmar","MN":"An Mhong\u00f3il","MO":"R.R.S. na S\u00edne Mac\u00e1\u00f3","MP":"Oile\u00e1in Mariana Thuaidh","MQ":"Martain\u00edc","MR":"An Mharat\u00e1in","MS":"Montsarat","MT":"M\u00e1lta","MU":"Oile\u00e1n Mhuir\u00eds","MV":"Na Maildiv\u00ed","MW":"An Mhal\u00e1iv","MX":"Meicsiceo","MY":"An Mhalaeisia","MZ":"M\u00f3saimb\u00edc","NA":"An Namaib","NC":"An Nua-Chalad\u00f3in","NE":"An N\u00edgir","NF":"Oile\u00e1n Norfolk","NG":"An Nig\u00e9ir","NI":"Nicearagua","NL":"An \u00cdsilt\u00edr","NO":"An Iorua","NP":"Neipeal","NR":"N\u00e1r\u00fa","NU":"N\u00edv\u00e9","NZ":"An Nua-Sh\u00e9alainn","OM":"\u00d3man","PA":"Panama","PE":"Peiri\u00fa","PF":"An Pholain\u00e9is Fhrancach","PG":"Nua-Ghuine Phapua","PH":"Na hOile\u00e1in Fhilip\u00edneacha","PK":"An Phacast\u00e1in","PL":"An Pholainn","PM":"Saint Pierre agus Miquelon","PN":"Pitcairn","PR":"Port\u00f3 R\u00edce","PS":"Na Cr\u00edocha Pailist\u00edneacha","PT":"An Phortaing\u00e9il","PW":"Palau","PY":"Paragua","QA":"Catar","RE":"R\u00e9union","RO":"An R\u00f3m\u00e1in","RS":"An tSeirbia","RU":"C\u00f3naidhm na R\u00faise","RW":"Ruanda","SA":"An Araib Sh\u00e1dach","SB":"Oile\u00e1in Sholaimh","SC":"Na S\u00e9is\u00e9il","SD":"An tS\u00fad\u00e1in","SE":"An tSualainn","SG":"Singeap\u00f3r","SH":"San H\u00e9ilin","SI":"An tSl\u00f3v\u00e9in","SJ":"Svalbard agus Jan Mayen","SK":"An tSl\u00f3vaic","SL":"Siarra Leon","SM":"San Mair\u00edne","SN":"An tSeineag\u00e1il","SO":"An tSom\u00e1il","SR":"Suranam","ST":"Sao Tome agus Principe","SV":"An tSalvad\u00f3ir","SY":"An tSiria","SZ":"An tSuasalainn","TC":"Oile\u00e1in Turks agus Caicos","TD":"Sead","TF":"Cr\u00edocha Deisceartacha na Fraince","TG":"T\u00f3ga","TH":"An T\u00e9alainn","TJ":"An T\u00e1ids\u00edceast\u00e1in","TK":"T\u00f3cal\u00e1","TL":"T\u00edom\u00f3r Thoir","TM":"An Tuircm\u00e9anast\u00e1in","TN":"An T\u00fain\u00e9is","TO":"Tonga","TR":"An Tuirc","TT":"Oile\u00e1in na Tr\u00edon\u00f3ide agus Tob\u00e1ga","TV":"T\u00fav\u00e1l\u00fa","TW":"An T\u00e9av\u00e1in","TZ":"An Tans\u00e1in","UA":"An \u00dacr\u00e1in","UG":"\u00daganda","UM":"Mion-Oile\u00e1in Imeallacha S.A.M.","US":"St\u00e1it Aontaithe Mheirice\u00e1","UY":"Urugua","UZ":"\u00daisb\u00e9iceast\u00e1in","VA":"An Vatac\u00e1in","VC":"Saint Vincent agus na Grenadines","VE":"Veinis\u00e9ala","VG":"Oile\u00e1in Bhriotanacha na Maighdean","VI":"Oile\u00e1in na Maighdean S.A.M.","VN":"V\u00edt Neam","VU":"Vanuat\u00fa","WF":"Oile\u00e1in Vail\u00eds agus Fut\u00fana","WS":"Sam\u00f3","YE":"\u00c9imin","YT":"Mayotte","ZA":"An Afraic Theas","ZM":"An tSaimbia","ZW":"An tSiomb\u00e1ib","ZZ":"R\u00e9igi\u00fan Anaithnid n\u00f3 Neamhbhail\u00ed"}