{"AD":"Andora","AE":"Uni Emirat Arab","AF":"Afghanistan","AG":"Antigua dan Barbuda","AI":"Anguilla","AL":"Albania","AM":"Armenia","AN":"Antilles Belanda","AO":"Angola","AQ":"Antarktika","AR":"Argentina","AS":"Samoa Amerika","AT":"Austria","AU":"Australia","AW":"Aruba","AX":"\ufffdLand Islands","AZ":"Azerbaijan","BA":"Bosnia dan Herzegovina","BB":"Barbados","BD":"Bangladesh","BE":"Belgia","BF":"Burkina Faso","BG":"Bulgaria","BH":"Bahrain","BI":"Burundi","BJ":"Benin","BM":"Bermuda","BN":"Brunei","BO":"Bolivia","BR":"Brazil","BS":"Bahamas","BT":"Bhutan","BV":"Kepulauan Bouvet","BW":"Botswana","BY":"Belarusia","BZ":"Belize","CA":"Kanada","CC":"Kepulauan Cocos","CD":"Republik Demokratik Kongo","CF":"Republik Afrika Tengah","CG":"Kongo","CH":"Swiss","CI":"Pantai Gading","CK":"Kepulauan Cook","CL":"Chili","CM":"Kamerun","CN":"Cina","CO":"Kolombia","CR":"Kosta Rika","CS":"Serbia dan Montenegro","CU":"Kuba","CV":"Tanjung Verde","CX":"Pulau Christmas","CY":"Siprus","CZ":"Republik Ceko","DE":"Jerman","DJ":"Jibouti","DK":"Denmark","DM":"Dominika","DO":"Republik Dominika","DZ":"Algeria","EC":"Ekuador","EE":"Estonia","EG":"Mesir","EH":"Sahara Barat","ER":"Eritrea","ES":"Spanyol","ET":"Ethiopia","FI":"Finlandia","FJ":"Fiji","FK":"Kepulauan Falkland","FM":"Mikronesia","FO":"Kepulauan Faroe","FR":"Perancis","GA":"Gabon","GB":"Inggris Raya","GD":"Grenada","GE":"Georgia","GF":"Guyana Perancis","GG":"Guernsey","GH":"Ghana","GI":"Gibraltar","GL":"Greenland","GM":"Gambia","GN":"Guinea","GP":"Guadeloupe","GQ":"Guinea Khatulistiwa","GR":"Yunani","GS":"Georgia Selatan dan Kepulauan Sandwich Selatan","GT":"Guatemala","GU":"Guam","GW":"Guinea-Bissau","GY":"Guyana","HK":"Hong Kong S.A.R., Cina","HM":"Pulau Heard dan Kepulauan McDonald","HN":"Honduras","HR":"Kroasia","HT":"Haiti","HU":"Hungaria","ID":"Indonesia","IE":"Irlandia","IL":"Israel","IM":"Isle of Man","IN":"India","IO":"British Indian Ocean Territory","IQ":"Iraq","IR":"Iran","IS":"Islandia","IT":"Itali","JE":"Jersey","JM":"Jamaika","JO":"Yordania","JP":"Jepang","KE":"Kenya","KG":"Kyrgyzstan","KH":"Kamboja","KI":"Kiribati","KM":"Komoros","KN":"Saint Kitts dan Nevis","KP":"Korea Utara","KR":"Korea Selatan","KW":"Kuwait","KY":"Kepulauan Kayman","KZ":"Kazakhstan","LA":"Laos","LB":"Lebanon","LC":"Santa Lusia","LI":"Liechtenstein","LK":"Sri Lanka","LR":"Liberia","LS":"Lesotho","LT":"Lithuania","LU":"Luxembourg","LV":"Latvia","LY":"Libya","MA":"Maroko","MC":"Monaco","MD":"Moldova","ME":"Montenegro","MG":"Madagaskar","MH":"Kepulauan Marshall","MK":"Macedonia","ML":"Mali","MM":"Myanmar","MN":"Mongolia","MO":"Makao S.A.R. Cina","MP":"Kepualuan Mariana Utara","MQ":"Martinique","MR":"Mauritania","MS":"Montserrat","MT":"Malta","MU":"Mauritius","MV":"Maldives","MW":"Malawi","MX":"Mexico","MY":"Malaysia","MZ":"Mozambique","NA":"Namibia","NC":"Kaledonia Baru","NE":"Niger","NF":"Kepulauan Norfolk","NG":"Nigeria","NI":"Nicaragua","NL":"Netherlands","NO":"Norwegia","NP":"Nepal","NR":"Nauru","NU":"Niue","NZ":"Selandia Baru","OM":"Oman","PA":"Panama","PE":"Peru","PF":"Polynesia Perancis","PG":"Papua Nugini","PH":"Filipina","PK":"Pakistan","PL":"Polandia","PM":"Saint Pierre dan Miquelon","PN":"Pitcairn","PR":"Puerto Riko","PS":"Otoritas Palestina","PT":"Portugis","PW":"Palau","PY":"Paraguay","QA":"Qatar","RE":"R\u00e9union","RO":"Romania","RS":"Serbia","RU":"Rusia","RW":"Rwanda","SA":"Arab Saudi","SB":"Kepulauan Solomon","SC":"Seychelles","SD":"Sudan","SE":"Sweden","SG":"Singapura","SH":"Saint Helena","SI":"Slovenia","SJ":"Svalbard dan Jan Mayen","SK":"Slovakia","SL":"Sierra Leone","SM":"San Marino","SN":"Senegal","SO":"Somalia","SR":"Suriname","ST":"Sao Tome dan Principe","SV":"El Salvador","SY":"Syria","SZ":"Swaziland","TC":"Kepulauan Turks dan Caicos","TD":"Chad","TF":"Wilayah Prancis Selatan","TG":"Togo","TH":"Thailand","TJ":"Tajikistan","TK":"Tokelau","TL":"Timor Timur","TM":"Turkmenistan","TN":"Tunisia","TO":"Tonga","TR":"Turkey","TT":"Trinidad dan Tobago","TV":"Tuvalu","TW":"Taiwan","TZ":"Tanzania","UA":"Ukraina","UG":"Uganda","UM":"Kepulauan minor sekitar Amerika Serikat","US":"Amerika Serikat","UY":"Uruguay","UZ":"Uzbekistan","VA":"Vatikan","VC":"Saint Vincent dan Grenadines","VE":"Venezuela","VG":"Kepulauan British Virgin","VI":"Kepulauan U.S. Virgin","VN":"Vietnam","VU":"Vanuatu","WF":"Wallis dan Futuna","WS":"Samoa","YE":"Yaman","YT":"Mayotte","ZA":"Afrika Selatan","ZM":"Zambia","ZW":"Zimbabwe"}