{"AD":"Andorra","AE":"Spojen\u00e9 arabsk\u00e9 emir\u00e1ty","AF":"Afgh\u00e1nist\u00e1n","AG":"Antigua a Barbuda","AI":"Anguila","AL":"Alb\u00e1nie","AM":"Arm\u00e9nie","AN":"Nizozemsk\u00e9 Antily","AO":"Angola","AQ":"Antarktida","AR":"Argentina","AS":"Americk\u00e1 Samoa","AT":"Rakousko","AU":"Austr\u00e1lie","AW":"Aruba","AX":"Alandy","AZ":"\u00c1zerb\u00e1jd\u017e\u00e1n","BA":"Bosna a Hercegovina","BB":"Barbados","BD":"Banglad\u00e9\u0161","BE":"Belgie","BF":"Burkina Faso","BG":"Bulharsko","BH":"Bahrajn","BI":"Burundi","BJ":"Benin","BL":"Svat\u00fd Bartolom\u011bj","BM":"Bermudy","BN":"Brunej Darussalam","BO":"Bol\u00edvie","BR":"Braz\u00edlie","BS":"Bahamy","BT":"Bh\u00fat\u00e1n","BV":"Ostrov Bouvet","BW":"Botswana","BY":"B\u011blorusko","BZ":"Belize","CA":"Kanada","CC":"Kokosov\u00e9 ostrovy","CD":"Demokratick\u00e1 republika Kongo","CF":"St\u0159edoafrick\u00e1 republika","CG":"Kongo","CH":"\u0160v\u00fdcarsko","CI":"Pob\u0159e\u017e\u00ed slonoviny","CK":"Cookovy ostrovy","CL":"Chile","CM":"Kamerun","CN":"\u010c\u00edna","CO":"Kolumbie","CR":"Kostarika","CS":"Srbsko a \u010cern\u00e1 Hora","CU":"Kuba","CV":"Kapverdy","CX":"V\u00e1no\u010dn\u00ed ostrovy","CY":"Kypr","CZ":"\u010cesk\u00e1 republika","DE":"N\u011bmecko","DJ":"D\u017eibuti","DK":"D\u00e1nsko","DM":"Dominika","DO":"Dominik\u00e1nsk\u00e1 republika","DZ":"Al\u017e\u00edrsko","EC":"Ekv\u00e1dor","EE":"Estonsko","EG":"Egypt","EH":"Z\u00e1padn\u00ed Sahara","ER":"Eritrea","ES":"\u0160pan\u011blsko","ET":"Etiopie","FI":"Finsko","FJ":"Fid\u017ei","FK":"Falklandsk\u00e9 ostrovy","FM":"Mikron\u00e9zie","FO":"Faersk\u00e9 ostrovy","FR":"Francie","GA":"Gabon","GB":"Velk\u00e1 Brit\u00e1nie","GD":"Grenada","GE":"Gruzie","GF":"Francouzsk\u00e1 Guyana","GG":"Guernsey","GH":"Ghana","GI":"Gibraltar","GL":"Gr\u00f3nsko","GM":"Gambie","GN":"Guinea","GP":"Guadeloupe","GQ":"Rovn\u00edkov\u00e1 Guinea","GR":"\u0158ecko","GS":"Ji\u017en\u00ed Georgie a Ji\u017en\u00ed Sandwichovy ostrovy","GT":"Guatemala","GU":"Guam","GW":"Guinea-Bissau","GY":"Guyana","HK":"Hongkong, zvl\u00e1\u0161tn\u00ed administrativn\u00ed oblast \u010c\u00edny","HM":"Ostrovy Heard a McDonald","HN":"Honduras","HR":"Chorvatsko","HT":"Haiti","HU":"Ma\u010farsko","ID":"Indon\u00e9sie","IE":"Irsko","IL":"Izrael","IM":"Ostrov Man","IN":"Indie","IO":"Britsk\u00e9 \u00fazem\u00ed v Indick\u00e9m oce\u00e1nu","IQ":"Ir\u00e1k","IR":"\u00cdr\u00e1n","IS":"Island","IT":"It\u00e1lie","JE":"Jersey","JM":"Jamajka","JO":"Jord\u00e1nsko","JP":"Japonsko","KE":"Ke\u0148a","KG":"Kyrgyzst\u00e1n","KH":"Kambod\u017ea","KI":"Kiribati","KM":"Komory","KN":"Svat\u00fd Kitts a Nevis","KP":"Severn\u00ed Korea","KR":"Ji\u017en\u00ed Korea","KW":"Kuvajt","KY":"Kajmansk\u00e9 ostrovy","KZ":"Kazachst\u00e1n","LA":"Lidov\u011b demokratick\u00e1 republika Laos","LB":"Libanon","LC":"Svat\u00e1 Lucie","LI":"Lichten\u0161tejnsko","LK":"Sr\u00ed Lanka","LR":"Lib\u00e9rie","LS":"Lesotho","LT":"Litva","LU":"Lucembursko","LV":"Loty\u0161sko","LY":"Libye","MA":"Maroko","MC":"Monako","MD":"Moldavsko, republika","ME":"\u010cern\u00e1 Hora","MF":"Svat\u00fd Martin","MG":"Madagaskar","MH":"Marshallovy ostrovy","MK":"Macedonia","ML":"Mali","MM":"Myanmar","MN":"Mongolsko","MO":"Zvl\u00e1\u0161tn\u00ed administrativn\u00ed oblast \u010c\u00edny Macao","MP":"Severn\u00ed Mariany","MQ":"Martinik","MR":"Maurit\u00e1nie","MS":"Montserrat","MT":"Malta","MU":"Mauricius","MV":"Maladivy","MW":"Malawi","MX":"Mexiko","MY":"Malajsie","MZ":"Mosambik","NA":"Namibie","NC":"Nov\u00e1 Kaledonie","NE":"Niger","NF":"Norfolk","NG":"Nig\u00e9rie","NI":"Nikaragua","NL":"Nizozemsko","NO":"Norsko","NP":"Nep\u00e1l","NR":"Nauru","NU":"Niue","NZ":"Nov\u00fd Z\u00e9land","OM":"Om\u00e1n","PA":"Panama","PE":"Peru","PF":"Francouzsk\u00e1 Polyn\u00e9sie","PG":"Papua-Nov\u00e1 Guinea","PH":"Filip\u00edny","PK":"P\u00e1kist\u00e1n","PL":"Polsko","PM":"Svat\u00fd Pierre a Miquelon","PN":"Pitcairn","PR":"Portoriko","PS":"Palestinian Territory","PT":"Portugalsko","PW":"Palau","PY":"Paraguay","QA":"Katar","RE":"R\u00e9union","RO":"Rumunsko","RS":"Srbsko","RU":"Rusko","RW":"Rwanda","SA":"Sa\u00fadsk\u00e1 Ar\u00e1bie","SB":"\u0160alamounovy ostrovy","SC":"Seychely","SD":"S\u00fad\u00e1n","SE":"\u0160v\u00e9dsko","SG":"Singapur","SH":"Svat\u00e1 Helena","SI":"Slovinsko","SJ":"Svalbard a Jan Mayen","SK":"Slovensko","SL":"Sierra Leone","SM":"San Marino","SN":"Senegal","SO":"Som\u00e1lsko","SR":"Surinam","ST":"Svat\u00fd Tom\u00e1\u0161","SV":"El Salvador","SY":"S\u00fdrie","SZ":"Svazijsko","TC":"Ostrovy Caicos a Turks","TD":"\u010cad","TF":"Francouzsk\u00e1 ji\u017en\u00ed teritoria","TG":"Togo","TH":"Thajsko","TJ":"T\u00e1d\u017eikist\u00e1n","TK":"Tokelau","TL":"V\u00fdchodn\u00ed Timor","TM":"Turkmenist\u00e1n","TN":"Tunisko","TO":"Tonga","TR":"Turecko","TT":"Trinidad a Tobago","TV":"Tuvalu","TW":"Tchaj-wan","TZ":"Tanzanie","UA":"Ukrajina","UG":"Uganda","UM":"Men\u0161\u00ed odlehl\u00e9 ostrovy USA","US":"Spojen\u00e9 st\u00e1ty","UY":"Uruguay","UZ":"Uzbekist\u00e1n","VA":"Svat\u00fd stolec","VC":"Svat\u00fd Vincent a Grenadiny","VE":"Venezuela","VG":"Britsk\u00e9 Panensk\u00e9 ostrovy","VI":"Americk\u00e9 Panensk\u00e9 ostrovy","VN":"Vietnam","VU":"Vanuatu","WF":"Wallis a Futuna","WS":"Samoa","YE":"Jemen","YT":"Mayotte","ZA":"Jihoafrick\u00e1 republika","ZM":"Zambie","ZW":"Zimbabwe","ZZ":"Nezn\u00e1m\u00e1 nebo neplatn\u00e1 oblast"}