{"AE":"Emiratos \u00c1rabes Unidos","AI":"Anguilha","AM":"Arm\u00e9nia","AQ":"Ant\u00e1rctica","AX":"Ilhas Alanda","AZ":"Azerbeij\u00e3o","BD":"Bangladeche","BF":"Burkina-Faso","BH":"Bahrein","BJ":"Benim","BS":"Baamas","BW":"Botswana","BY":"Bielorr\u00fassia","CC":"Ilhas Cocos","CD":"Rep\u00fablica Democr\u00e1tica do Congo","CG":"Congo-Brazzaville","CX":"Ilha do Natal","CZ":"Rep\u00fablica Checa","EE":"Est\u00f3nia","EG":"Egipto","EH":"Sara Ocidental","FK":"Ilhas Falkland ou Malvinas","FM":"Estados Federados da Micron\u00e9sia","FO":"Ilhas Faro\u00e9","GL":"Gronel\u00e2ndia","GW":"Guin\u00e9-Bissau","HK":"Hong Kong - Regi\u00e3o Administrativa Especial da China","IR":"Ir\u00e3o","KE":"Qu\u00e9nia","KG":"Quirguizist\u00e3o","KN":"Saint Kitts e Nevis","KW":"Cuaite","KY":"Ilhas Caim\u00e3o","KZ":"Cazaquist\u00e3o","LA":"Laos, Rep\u00fablica Popular Democr\u00e1tica do","LV":"Let\u00f3nia","MC":"M\u00f3naco","MD":"Mold\u00e1via, Rep\u00fablica da","MG":"Madag\u00e1scar","MK":"Maced\u00f3nia, Rep\u00fablica da","MO":"Macau - Regi\u00e3o Administrativa Especial da China","MP":"Ilhas Mariana do Norte","MS":"Monserrate","MU":"Maur\u00edcias","MW":"Malaui","NC":"Nova Caled\u00f3nia","NF":"Ilha Norfolque","NL":"Pa\u00edses Baixos","PG":"Papua Nova Guin\u00e9","PL":"Pol\u00f3nia","PS":"Territ\u00f3rio Palestiniano","QA":"Qatar","RO":"Rom\u00e9nia","SC":"Seicheles","SG":"Singapura","SI":"Eslov\u00e9nia","SJ":"Esvalbarda e Jan Mayen","SM":"S\u00e3o Marino","TC":"Ilhas Turcas e Caicos","TJ":"Tajiquist\u00e3o","TK":"Toquelau","TM":"Turquemenist\u00e3o","TT":"Trindade e Tobago","UM":"Ilhas Minor Outlying (E.U.A)","UZ":"Usbequist\u00e3o","VI":"Ilhas Virgin E.U.A.","VN":"Vietname","YE":"I\u00e9men","ZW":"Zimbabwe","AD":"Andorra","AF":"Afeganist\u00e3o","AG":"Ant\u00edgua e Barbuda","AL":"Alb\u00e2nia","AN":"Antilhas Holandesas","AO":"Angola","AR":"Argentina","AS":"Samoa Americana","AT":"\u00c1ustria","AU":"Austr\u00e1lia","AW":"Aruba","BA":"B\u00f3snia-Herzegovina","BB":"Barbados","BE":"B\u00e9lgica","BG":"Bulg\u00e1ria","BI":"Burundi","BL":"S\u00e3o Bartolomeu","BM":"Bermudas","BN":"Brunei","BO":"Bol\u00edvia","BR":"Brasil","BT":"But\u00e3o","BV":"Ilha Bouvet","BZ":"Belize","CA":"Canad\u00e1","CF":"Rep\u00fablica Centro-Africana","CH":"Su\u00ed\u00e7a","CI":"Costa do Marfim","CK":"Ilhas Cook","CL":"Chile","CM":"Rep\u00fablica dos Camar\u00f5es","CN":"China","CO":"Col\u00f4mbia","CR":"Costa Rica","CS":"S\u00e9rvia e Montenegro","CU":"Cuba","CV":"Cabo Verde","CY":"Chipre","DE":"Alemanha","DJ":"Djibuti","DK":"Dinamarca","DM":"Dominica","DO":"Rep\u00fablica Dominicana","DZ":"Arg\u00e9lia","EC":"Equador","ER":"Eritreia","ES":"Espanha","ET":"Eti\u00f3pia","FI":"Finl\u00e2ndia","FJ":"Fiji","FR":"Fran\u00e7a","GA":"Gab\u00e3o","GB":"Reino Unido","GD":"Granada","GE":"Ge\u00f3rgia","GF":"Guiana Francesa","GG":"Guernsey","GH":"Gana","GI":"Gibraltar","GM":"G\u00e2mbia","GN":"Guin\u00e9","GP":"Guadalupe","GQ":"Guin\u00e9 Equatorial","GR":"Gr\u00e9cia","GS":"Ge\u00f3rgia do Sul e Ilhas Sandwich do Sul","GT":"Guatemala","GU":"Guam","GY":"Guiana","HM":"Ilha Heard e Ilhas McDonald","HN":"Honduras","HR":"Cro\u00e1cia","HT":"Haiti","HU":"Hungria","ID":"Indon\u00e9sia","IE":"Irlanda","IL":"Israel","IM":"Ilha de Man","IN":"\u00cdndia","IO":"Territ\u00f3rio Brit\u00e2nico do Oceano \u00cdndico","IQ":"Iraque","IS":"Isl\u00e2ndia","IT":"It\u00e1lia","JE":"Jersey","JM":"Jamaica","JO":"Jord\u00e2nia","JP":"Jap\u00e3o","KH":"Camboja","KI":"Quiribati","KM":"Comores","KP":"Coreia do Norte","KR":"Coreia do Sul","LB":"L\u00edbano","LC":"Santa L\u00facia","LI":"Liechtenstein","LK":"Sri Lanka","LR":"Lib\u00e9ria","LS":"Lesoto","LT":"Litu\u00e2nia","LU":"Luxemburgo","LY":"L\u00edbia","MA":"Marrocos","ME":"Montenegro","MF":"S\u00e3o Martinho","MH":"Ilhas Marshall","ML":"Mali","MM":"Mianmar","MN":"Mong\u00f3lia","MQ":"Martinica","MR":"Maurit\u00e2nia","MT":"Malta","MV":"Maldivas","MX":"M\u00e9xico","MY":"Mal\u00e1sia","MZ":"Mo\u00e7ambique","NA":"Nam\u00edbia","NE":"N\u00edger","NG":"Nig\u00e9ria","NI":"Nicar\u00e1gua","NO":"Noruega","NP":"Nepal","NR":"Nauru","NU":"Niue","NZ":"Nova Zel\u00e2ndia","OM":"Om\u00e3","PA":"Panam\u00e1","PE":"Peru","PF":"Polin\u00e9sia Francesa","PH":"Filipinas","PK":"Paquist\u00e3o","PM":"Saint Pierre e Miquelon","PN":"Pitcairn","PR":"Porto Rico","PT":"Portugal","PW":"Palau","PY":"Paraguai","RE":"Reuni\u00e3o","RS":"S\u00e9rvia","RU":"R\u00fassia","RW":"Ruanda","SA":"Ar\u00e1bia Saudita","SB":"Ilhas Salom\u00e3o","SD":"Sud\u00e3o","SE":"Su\u00e9cia","SH":"Santa Helena","SK":"Eslov\u00e1quia","SL":"Serra Leoa","SN":"Senegal","SO":"Som\u00e1lia","SR":"Suriname","ST":"S\u00e3o Tom\u00e9 e Pr\u00edncipe","SV":"El Salvador","SY":"S\u00edria","SZ":"Suazil\u00e2ndia","TD":"Chade","TF":"Territ\u00f3rios Franceses do Sul","TG":"Togo","TH":"Tail\u00e2ndia","TL":"Timor Leste","TN":"Tun\u00edsia","TO":"Tonga","TR":"Turquia","TV":"Tuvalu","TW":"Taiwan","TZ":"Tanz\u00e2nia","UA":"Ucr\u00e2nia","UG":"Uganda","US":"Estados Unidos","UY":"Uruguai","VA":"Vaticano","VC":"S\u00e3o Vicente e Granadinas","VE":"Venezuela","VG":"Ilhas Virgens Brit\u00e2nicas","VU":"Vanuatu","WF":"Wallis e Futuna","WS":"Samoa","YT":"Mayotte","ZA":"\u00c1frica do Sul","ZM":"Z\u00e2mbia","ZZ":"Regi\u00e3o desconhecida ou inv\u00e1lida"}