{"AD":"\u0a8d\u0a82\u0aa1\u0acb\u0ab0\u0abe","AE":"\u0aaf\u0ac1\u0aa8\u0abe\u0a87\u0a9f\u0ac7\u0aa1 \u0a85\u0ab0\u0aac \u0a8f\u0aae\u0abf\u0ab0\u0ac7\u0a9f\u0acd\u0ab8","AF":"\u0a85\u0aab\u0a98\u0abe\u0aa8\u0abf\u0ab8\u0acd\u0aa4\u0abe\u0aa8","AG":"\u0a8f\u0aa8\u0acd\u0a9f\u0ac0\u0a97\u0ac1\u0a86 \u0a85\u0aa8\u0ac7 \u0aac\u0ab0\u0aac\u0ac1\u0aa1\u0abe","AI":"\u0a8d\u0a82\u0a97\u0acd\u0ab5\u0abf\u0ab2\u0abe","AL":"\u0a85\u0ab2\u0acd\u0aac\u0ac7\u0aa8\u0abf\u0aaf\u0abe","AM":"\u0a86\u0ab0\u0acd\u0aae\u0ac7\u0aa8\u0abf\u0aaf\u0abe","AN":"\u0aa8\u0ac7\u0aa7\u0ab0\u0ab2\u0ac7\u0a82\u0aa1\u0acd\u0ab8 \u0a8f\u0a82\u0a9f\u0abf\u0ab2\u0ac7\u0ab8","AO":"\u0a85\u0a82\u0a97\u0acb\u0ab2\u0abe","AQ":"\u0a8f\u0aa8\u0acd\u0a9f\u0abe\u0ab0\u0acd\u0a95\u0a9f\u0abf\u0a95\u0abe","AR":"\u0a86\u0ab0\u0acd\u0a9c\u0ac7\u0aa8\u0acd\u0a9f\u0ac0\u0aa8\u0abe","AS":"\u0a85\u0aae\u0ac7\u0ab0\u0ac0\u0a95\u0aa8 \u0ab8\u0aae\u0acb\u0a86","AT":"\u0a91\u0ab8\u0acd\u0a9f\u0acd\u0ab0\u0abf\u0aaf\u0abe","AU":"\u0a91\u0ab8\u0acd\u0a9f\u0acd\u0ab0\u0ac7\u0ab2\u0abf\u0aaf\u0abe","AW":"\u0a85\u0ab0\u0ac1\u0aac\u0abe","AX":"\u0a8f\u0ab2\u0ac7\u0a82\u0aa1 \u0a86\u0a87\u0ab2\u0ac7\u0aa8\u0acd\u0aa1\u0acd\u0ab8","AZ":"\u0a85\u0a9d\u0ab0\u0aac\u0ac8\u0a9c\u0abe\u0aa8","BA":"\u0aac\u0acb\u0ab8\u0acd\u0aa8\u0abf\u0aaf\u0abe \u0a85\u0aa8\u0ac7 \u0ab9\u0ab0\u0acd\u0a9d\u0ac7\u0a97\u0acb\u0ab5\u0abf\u0aa8\u0abe","BB":"\u0aac\u0abe\u0ab0\u0aac\u0abe\u0aa1\u0acb\u0ab8","BD":"\u0aac\u0abe\u0a82\u0a97\u0acd\u0ab2\u0abe\u0aa6\u0ac7\u0ab6","BE":"\u0aac\u0ac7\u0ab2\u0acd\u0a9c\u0ac0\u0aaf\u0aae","BF":"\u0aac\u0ac1\u0ab0\u0acd\u0a95\u0abf\u0aa8\u0abe \u0aab\u0abe\u0ab8\u0acb","BG":"\u0aac\u0ab2\u0acd\u0a97\u0ac7\u0ab0\u0abf\u0aaf\u0abe","BH":"\u0aac\u0ac7\u0ab9\u0ab0\u0ac0\u0aa8","BI":"\u0aac\u0ac1\u0ab0\u0ac1\u0a82\u0aa1\u0ac0","BJ":"\u0aac\u0ac7\u0aa8\u0abf\u0aa8","BL":"\u0ab8\u0ac7\u0a82\u0a9f \u0aac\u0abe\u0ab0\u0acd\u0aa5\u0ab2\u0ac7\u0aae\u0ac0","BM":"\u0aac\u0ab0\u0acd\u0aae\u0ac1\u0aa1\u0abe","BN":"\u0aac\u0acd\u0ab0\u0ac1\u0aa8\u0ac7\u0a87","BO":"\u0aac\u0acb\u0ab2\u0abf\u0ab5\u0abf\u0aaf\u0abe","BR":"\u0aac\u0acd\u0ab0\u0abe\u0a9d\u0abf\u0ab2","BS":"\u0aac\u0ab9\u0abe\u0aae\u0abe\u0ab8","BT":"\u0aad\u0ac2\u0a9f\u0abe\u0aa8","BV":"\u0aac\u0acc\u0ab5\u0ac7\u0aa4 \u0a86\u0a87\u0ab2\u0ac7\u0aa8\u0acd\u0aa1","BW":"\u0aac\u0acb\u0aa4\u0acd\u0ab8\u0acd\u0ab5\u0abe\u0aa8\u0abe","BY":"\u0aac\u0ac7\u0ab2\u0abe\u0ab0\u0ac1\u0ab8","BZ":"\u0aac\u0ac7\u0ab2\u0ac0\u0a9d","CA":"\u0a95\u0ac7\u0aa8\u0ac7\u0aa1\u0abe","CC":"\u0a95\u0acb\u0a95\u0acb\u0a9d \u0a86\u0a87\u0ab2\u0ac7\u0aa8\u0acd\u0aa1","CD":"\u0a95\u0acb\u0a82\u0a97\u0acb - \u0a95\u0abf\u0a82\u0ab6\u0abe\u0ab8\u0abe","CF":"\u0ab8\u0ac7\u0a82\u0a9f\u0acd\u0ab0\u0ab2 \u0a86\u0aab\u0acd\u0ab0\u0abf\u0a95\u0aa8 \u0ab0\u0ac0\u0aaa\u0aac\u0acd\u0ab2\u0abf\u0a95","CG":"\u0a95\u0acb\u0a82\u0a97\u0acb - \u0aac\u0acd\u0ab0\u0abe\u0a9d\u0abe\u0ab5\u0abf\u0ab2\u0ac7","CH":"\u0ab8\u0acd\u0ab5\u0abf\u0a9f\u0acd\u0a9d\u0ab0\u0acd\u0ab2\u0ac5\u0aa8\u0acd\u0aa1","CI":"\u0a86\u0a87\u0ab5\u0ab0\u0ac0 \u0a95\u0acb\u0ab8\u0acd\u0a9f","CK":"\u0a95\u0ac1\u0a95 \u0a86\u0a87\u0ab2\u0ac7\u0aa8\u0acd\u0aa1\u0acd\u0ab8","CL":"\u0a9a\u0abf\u0ab2\u0ac0","CM":"\u0a95\u0ac5\u0aae\u0ab0\u0ac2\u0aa8","CN":"\u0a9a\u0ac0\u0aa8","CO":"\u0a95\u0acb\u0ab2\u0aae\u0acd\u0aac\u0abf\u0aaf\u0abe","CR":"\u0a95\u0acb\u0ab8\u0acd\u0a9f\u0abe \u0ab0\u0abf\u0a95\u0abe","CS":"\u0ab8\u0ab0\u0acd\u0aac\u0abf\u0aaf\u0abe \u0a85\u0aa8\u0ac7 \u0aae\u0acb\u0aa8\u0acd\u0a9f\u0ac7\u0aa8\u0ac7\u0a97\u0acd\u0ab0\u0acb","CU":"\u0a95\u0acd\u0aaf\u0ac1\u0aac\u0abe","CV":"\u0a95\u0ac5\u0aaa \u0ab5\u0ab0\u0acd\u0aa1\u0ac7","CX":"\u0a95\u0acd\u0ab0\u0abf\u0ab8\u0aae\u0ab8 \u0a86\u0a87\u0ab2\u0ac7\u0a82\u0aa1","CY":"\u0ab8\u0abe\u0aaf\u0aaa\u0acd\u0ab0\u0ab8","CZ":"\u0a9a\u0ac7\u0a95 \u0ab0\u0ac0\u0aaa\u0aac\u0acd\u0ab2\u0abf\u0a95","DE":"\u0a9c\u0ab0\u0acd\u0aae\u0aa8\u0ac0","DJ":"\u0a9c\u0ac0\u0aac\u0acc\u0a9f\u0ac0","DK":"\u0aa1\u0ac7\u0aa8\u0aae\u0abe\u0ab0\u0acd\u0a95","DM":"\u0aa1\u0acb\u0aae\u0abf\u0aa8\u0abf\u0a95\u0abe","DO":"\u0aa1\u0acb\u0aae\u0abf\u0aa8\u0abf\u0a95\u0aa8 \u0ab0\u0ac0\u0aaa\u0aac\u0acd\u0ab2\u0abf\u0a95","DZ":"\u0a85\u0ab2\u0acd\u0a9c\u0ac0\u0ab0\u0abf\u0aaf\u0abe","EC":"\u0a8f\u0a95\u0acd\u0ab5\u0abe\u0aa1\u0acb\u0ab0","EE":"\u0a8f\u0ab8\u0acd\u0a9f\u0acb\u0aa8\u0abf\u0aaf\u0abe","EG":"\u0a87\u0a9c\u0abf\u0aaa\u0acd\u0aa4","EH":"\u0aaa\u0ab6\u0acd\u0a9a\u0abf\u0aae\u0ac0 \u0ab8\u0ab9\u0abe\u0ab0\u0abe","ER":"\u0a8f\u0ab0\u0abf\u0a9f\u0acd\u0ab0\u0abf\u0aaf\u0abe","ES":"\u0ab8\u0acd\u0aaa\u0ac7\u0aa8","ET":"\u0a87\u0aa5\u0abf\u0a93\u0aaa\u0abf\u0aaf\u0abe","FI":"\u0aab\u0ac0\u0aa8\u0ab2\u0ac7\u0a82\u0aa1","FJ":"\u0aab\u0ac0\u0a9c\u0ac0","FK":"\u0aab\u0ac9\u0a95\u0ab2\u0ac5\u0a82\u0aa1 \u0a86\u0a87\u0ab2\u0ac5\u0a82\u0aa1\u0acd\u0ab8","FM":"\u0aae\u0abe\u0a87\u0a95\u0acd\u0ab0\u0acb\u0aa8\u0ac7\u0ab6\u0abf\u0aaf\u0abe","FO":"\u0aab\u0ac5\u0ab0\u0acb \u0a86\u0a87\u0ab2\u0ac7\u0aa8\u0acd\u0aa1\u0acd\u0ab8","FR":"\u0aab\u0acd\u0ab0\u0abe\u0a82\u0ab8","GA":"\u0a97\u0ac7\u0aac\u0aa8","GB":"\u0aaf\u0ac1\u0aa8\u0abe\u0a87\u0a9f\u0ac7\u0aa1 \u0a95\u0abf\u0a82\u0a97\u0aa1\u0aae","GD":"\u0a97\u0acd\u0ab0\u0ac7\u0aa8\u0ac7\u0aa1\u0abe","GE":"\u0a9c\u0acd\u0aaf\u0acb\u0ab0\u0acd\u0a9c\u0ac0\u0aaf\u0abe","GF":"\u0aab\u0acd\u0ab0\u0ac7\u0a82\u0a9a \u0a97\u0aaf\u0abe\u0aa8\u0abe","GG":"\u0a97\u0acd\u0ab5\u0ac7\u0ab0\u0acd\u0aa8\u0ab8\u0ac7","GH":"\u0a98\u0abe\u0aa8\u0abe","GI":"\u0a9c\u0ac0\u0aac\u0acd\u0ab0\u0abe\u0ab2\u0acd\u0a9f\u0ab0","GL":"\u0a97\u0acd\u0ab0\u0ac0\u0aa8\u0ab2\u0ac7\u0aa8\u0acd\u0aa1","GM":"\u0a97\u0ac7\u0aae\u0acd\u0aac\u0abf\u0aaf\u0abe","GN":"\u0a97\u0abf\u0aa8\u0ac0","GP":"\u0a97\u0acd\u0ab5\u0abe\u0aa1\u0ac7\u0ab2\u0acb\u0aaa","GQ":"\u0a87\u0a95\u0acd\u0ab5\u0ac7\u0a9f\u0acb\u0ab0\u0abf\u0aaf\u0ab2 \u0a97\u0abf\u0aa8\u0ac0","GR":"\u0a97\u0acd\u0ab0\u0ac0\u0ab8","GS":"\u0aa6\u0a95\u0acd\u0ab7\u0abf\u0aa3 \u0a9c\u0acd\u0aaf\u0acb\u0ab0\u0acd\u0a9c\u0ac0\u0aaf\u0abe \u0a85\u0aa8\u0ac7 \u0aa6\u0a95\u0acd\u0ab7\u0abf\u0aa3 \u0ab8\u0ac7\u0aa8\u0acd\u0aa1\u0ab5\u0abf\u0a9a \u0a86\u0a87\u0ab2\u0ac7\u0aa8\u0acd\u0aa1","GT":"\u0a97\u0acd\u0ab5\u0abe\u0a9f\u0ac7\u0aae\u0abe\u0ab2\u0abe","GU":"\u0a97\u0acd\u0ab5\u0abe\u0aae","GW":"\u0a97\u0abf\u0aa8\u0ac0-\u0aac\u0abf\u0ab8\u0abe\u0a89","GY":"\u0a97\u0aaf\u0abe\u0aa8\u0abe","HK":"\u0ab9\u0acb\u0a82\u0a97\u0a95\u0acb\u0a82\u0a97 SAR \u0a9a\u0ac0\u0aa8","HM":"\u0ab9\u0ab0\u0acd\u0aa1 \u0a86\u0a87\u0ab2\u0ac5\u0a82\u0aa1 \u0a8f\u0a82\u0aa1 \u0aae\u0ac7\u0a95\u0aa1\u0acb\u0aa8\u0abe\u0ab2\u0acd\u0aa1 \u0a86\u0a87\u0ab2\u0ac5\u0a82\u0aa1\u0acd\u0ab8","HN":"\u0ab9\u0acb\u0aa8\u0acd\u0aa1\u0ac1\u0ab0\u0ab8","HR":"\u0a95\u0acd\u0ab0\u0acb\u0a8f\u0ab6\u0abf\u0aaf\u0abe","HT":"\u0ab9\u0ac8\u0aa4\u0abf","HU":"\u0ab9\u0a82\u0a97\u0ac7\u0ab0\u0ac0","ID":"\u0a87\u0aa8\u0acd\u0aa1\u0acb\u0aa8\u0ac7\u0ab6\u0abf\u0aaf\u0abe","IE":"\u0a86\u0aaf\u0ab0\u0acd\u0ab2\u0ac7\u0a82\u0aa1","IL":"\u0a87\u0a9d\u0ab0\u0abe\u0a87\u0ab2","IM":"\u0a87\u0ab8\u0acd\u0ab2\u0ac7 \u0a93\u0aab \u0aae\u0ac5\u0aa8","IN":"\u0aad\u0abe\u0ab0\u0aa4","IO":"\u0aac\u0acd\u0ab0\u0abf\u0a9f\u0abf\u0ab6 \u0a87\u0aa8\u0acd\u0aa1\u0abf\u0aaf\u0aa8 \u0a93\u0ab6\u0aa8 \u0a9f\u0ac7\u0ab0\u0abf\u0a9f\u0ab0\u0ac0","IQ":"\u0a87\u0ab0\u0abe\u0a95","IR":"\u0a88\u0ab0\u0abe\u0aa8","IS":"\u0a86\u0a87\u0ab8\u0ab2\u0ac7\u0aa8\u0acd\u0aa1","IT":"\u0a87\u0a9f\u0abe\u0ab2\u0ac0","JE":"\u0a9c\u0ab0\u0acd\u0ab8\u0ac0","JM":"\u0a9c\u0aae\u0ac8\u0a95\u0abe","JO":"\u0a9c\u0acb\u0ab0\u0acd\u0aa1\u0aa8","JP":"\u0a9c\u0abe\u0aaa\u0abe\u0aa8","KE":"\u0a95\u0ac7\u0aa8\u0acd\u0aaf\u0abe","KG":"\u0a95\u0abf\u0ab0\u0acd\u0a97\u0abf\u0a9d\u0acd\u0ab8\u0acd\u0aa4\u0abe\u0aa8","KH":"\u0a95\u0a82\u0aac\u0acb\u0aa1\u0abf\u0aaf\u0abe","KI":"\u0a95\u0abf\u0ab0\u0abf\u0aac\u0abe\u0a9f\u0ac0","KM":"\u0a95\u0acb\u0aae\u0acb\u0ab0\u0ab8","KN":"\u0ab8\u0ac7\u0a82\u0a9f \u0a95\u0abf\u0a9f\u0acd\u0ab8 \u0a8f\u0a82\u0aa1 \u0aa8\u0ac7\u0ab5\u0abf\u0ab8","KP":"\u0a89\u0aa4\u0acd\u0aa4\u0ab0 \u0a95\u0acb\u0ab0\u0abf\u0aaf\u0abe","KR":"\u0aa6\u0a95\u0acd\u0ab7\u0abf\u0aa3 \u0a95\u0acb\u0ab0\u0abf\u0aaf\u0abe","KW":"\u0a95\u0ac1\u0ab5\u0ac8\u0aa4","KY":"\u0a95\u0ac7\u0aaf\u0aae\u0ac7\u0aa8 \u0a86\u0a87\u0ab2\u0ac5\u0a82\u0aa1\u0acd\u0ab8","KZ":"\u0a95\u0a9d\u0abe\u0a95\u0abf\u0ab8\u0acd\u0aa4\u0abe\u0aa8","LA":"\u0ab2\u0abe\u0a93\u0ab8","LB":"\u0ab2\u0ac7\u0aac\u0aa8\u0acb\u0aa8","LC":"\u0ab8\u0ac7\u0a82\u0a9f \u0ab2\u0ac1\u0ab8\u0abf\u0aaf\u0abe","LI":"\u0ab2\u0ac8\u0a9a\u0a9f\u0ac7\u0a82\u0ab8\u0acd\u0a9f\u0ac7\u0a87\u0aa8","LK":"\u0ab6\u0acd\u0ab0\u0ac0\u0ab2\u0a82\u0a95\u0abe","LR":"\u0ab2\u0abe\u0a87\u0aac\u0ac7\u0ab0\u0abf\u0aaf\u0abe","LS":"\u0ab2\u0ac7\u0ab8\u0acb\u0aa5\u0acb","LT":"\u0ab2\u0abf\u0aa5\u0ac1\u0aa8\u0abf\u0aaf\u0abe","LU":"\u0ab2\u0a95\u0acd\u0a9d\u0aae\u0aac\u0ab0\u0acd\u0a97","LV":"\u0ab2\u0ac7\u0aa4\u0ab5\u0abf\u0aaf\u0abe","LY":"\u0ab2\u0abf\u0aac\u0abf\u0aaf\u0abe","MA":"\u0aae\u0acb\u0ab0\u0acb\u0a95\u0acd\u0a95\u0acb","MC":"\u0aae\u0acb\u0aa8\u0abe\u0a95\u0acb","MD":"\u0aae\u0acb\u0ab2\u0aa1\u0acb\u0ab5\u0abe","ME":"\u0aae\u0ac9\u0aa8\u0acd\u0a9f\u0ac7\u0a82\u0aa8\u0ac7\u0a97\u0acd\u0ab0\u0acb","MF":"\u0ab8\u0ac7\u0a82\u0a9f \u0aae\u0abe\u0ab0\u0acd\u0a9f\u0abf\u0aa8","MG":"\u0aae\u0ac7\u0aa1\u0abe\u0a97\u0abe\u0ab8\u0acd\u0a95\u0ab0","MH":"\u0aae\u0abe\u0ab0\u0acd\u0ab6\u0ab2 \u0a86\u0a87\u0ab2\u0ac7\u0aa8\u0acd\u0aa1\u0acd\u0ab8","MK":"\u0aae\u0ac7\u0ab8\u0ac7\u0aa1\u0acb\u0aa8\u0abf\u0aaf\u0abe","ML":"\u0aae\u0abe\u0ab2\u0ac0","MM":"\u0aae\u0acd\u0aaf\u0abe\u0a82\u0aae\u0abe\u0ab0","MN":"\u0aae\u0a82\u0a97\u0acb\u0ab2\u0abf\u0aaf\u0abe","MO":"\u0aae\u0a95\u0abe\u0a93 SAR \u0a9a\u0ac0\u0aa8","MP":"\u0a89\u0aa4\u0ab0\u0ac0\u0aaf \u0aae\u0abe\u0ab0\u0abf\u0aaf\u0abe\u0aa8\u0abe \u0a86\u0a87\u0ab2\u0ac7\u0aa8\u0acd\u0aa1\u0acd\u0ab8","MQ":"\u0aae\u0abe\u0ab0\u0acd\u0a9f\u0ac0\u0aa8\u0ac0\u0a95","MR":"\u0aae\u0acc\u0ab0\u0abf\u0a9f\u0abe\u0aa8\u0abf\u0aaf\u0abe","MS":"\u0aae\u0acb\u0a82\u0a9f\u0ab8\u0ac7\u0ab0\u0abe\u0aa4","MT":"\u0aae\u0abe\u0ab2\u0acd\u0a9f\u0abe","MU":"\u0aae\u0acb\u0ab0\u0abf\u0ab6\u0abf\u0aaf\u0ab8","MV":"\u0aae\u0abe\u0ab2\u0aa6\u0abf\u0ab5\u0acd\u0ab8","MW":"\u0aae\u0abe\u0ab2\u0abe\u0ab5\u0ac0","MX":"\u0aae\u0ac7\u0a95\u0acd\u0ab8\u0abf\u0a95\u0acb","MY":"\u0aae\u0ab2\u0ac7\u0ab6\u0abf\u0aaf\u0abe","MZ":"\u0aae\u0acb\u0a9d\u0abe\u0aae\u0acd\u0aac\u0abf\u0a95","NA":"\u0aa8\u0abe\u0aae\u0abf\u0aac\u0abf\u0aaf\u0abe","NC":"\u0aa8\u0acd\u0aaf\u0ac1 \u0ab8\u0ac7\u0ab2\u0ac7\u0aa1\u0acb\u0aa8\u0abf\u0aaf\u0abe","NE":"\u0aa8\u0abe\u0a87\u0a9c\u0ab0","NF":"\u0aa8\u0acb\u0ab0\u0aab\u0ac9\u0a95 \u0a86\u0a87\u0ab2\u0ac7\u0aa8\u0acd\u0aa1","NG":"\u0aa8\u0abe\u0a87\u0a9c\u0ac0\u0ab0\u0ac0\u0aaf\u0abe","NI":"\u0aa8\u0abf\u0a95\u0abe\u0ab0\u0abe\u0a97\u0ac1\u0a86","NL":"\u0aa8\u0ac7\u0aa7\u0ab0\u0ab2\u0ac7\u0aa8\u0acd\u0aa1","NO":"\u0aa8\u0ac9\u0ab0\u0acd\u0ab5\u0ac7","NP":"\u0aa8\u0ac7\u0aaa\u0abe\u0ab3","NR":"\u0aa8\u0acc\u0ab0\u0ac1","NU":"\u0aa8\u0ac0\u0aaf\u0ac1","NZ":"\u0aa8\u0acd\u0aaf\u0ac1\u0a9d\u0ac0\u0ab2\u0ac7\u0aa8\u0acd\u0aa1","OM":"\u0a91\u0aae\u0abe\u0aa8","PA":"\u0aaa\u0aa8\u0abe\u0aae\u0abe","PE":"\u0aaa\u0ac7\u0ab0\u0ac1","PF":"\u0aab\u0acd\u0ab0\u0ac7\u0a82\u0a9a \u0aaa\u0acb\u0ab2\u0abf\u0aa8\u0ac7\u0ab6\u0abf\u0aaf\u0abe","PG":"\u0aaa\u0aaa\u0ac1\u0a86 \u0aa8\u0acd\u0aaf\u0ac1 \u0a97\u0abf\u0aa8\u0ac0","PH":"\u0aab\u0abf\u0ab2\u0abf\u0aaa\u0abf\u0aa8\u0acd\u0ab8","PK":"\u0aaa\u0abe\u0a95\u0abf\u0ab8\u0acd\u0aa4\u0abe\u0aa8","PL":"\u0aaa\u0acb\u0ab2\u0ac7\u0a82\u0aa1","PM":"\u0ab8\u0ac7\u0a82\u0a9f \u0aaa\u0ac0\u0a8f\u0ab0\u0ac7 \u0a8f\u0aa8\u0acd\u0aa1 \u0aae\u0abf\u0a95\u0ac0\u0ab2\u0acb\u0aa8","PN":"\u0aaa\u0ac0\u0a9f\u0a95\u0ac8\u0ab0\u0acd\u0aa8","PR":"\u0aaa\u0acd\u0aaf\u0ac1\u0a85\u0ab0\u0acd\u0a9f\u0acb \u0ab0\u0abf\u0a95\u0acb","PS":"\u0aaa\u0ac7\u0ab2\u0ac7\u0ab8\u0acd\u0a9f\u0abf\u0aa8\u0abf\u0aaf\u0aa8 \u0a9f\u0ac7\u0ab0\u0abf\u0a9f\u0ab0\u0ac0","PT":"\u0aaa\u0acb\u0ab0\u0acd\u0a9f\u0ac1\u0a97\u0ab2","PW":"\u0aaa\u0ab2\u0abe\u0a89","PY":"\u0aaa\u0ac7\u0ab0\u0abe\u0a97\u0acd\u0ab5\u0ac7","QA":"\u0a95\u0aa4\u0abe\u0ab0","RE":"\u0ab0\u0ac0\u0aaf\u0ac1\u0aa8\u0abf\u0aaf\u0aa8","RO":"\u0ab0\u0acb\u0aae\u0abe\u0aa8\u0abf\u0aaf\u0abe","RS":"\u0ab8\u0ab0\u0acd\u0aac\u0abf\u0aaf\u0abe","RU":"\u0ab0\u0ab6\u0abf\u0aaf\u0abe","RW":"\u0ab0\u0ab5\u0abe\u0a82\u0aa1\u0abe","SA":"\u0ab8\u0abe\u0a89\u0aa6\u0ac0 \u0a85\u0ab0\u0ac7\u0aac\u0abf\u0aaf\u0abe","SB":"\u0ab8\u0acb\u0ab2\u0acb\u0aae\u0aa8 \u0a86\u0a87\u0ab2\u0ac7\u0aa8\u0acd\u0aa1","SC":"\u0ab6\u0ac7\u0ab6\u0ac7\u0ab2\u0acd\u0ab8","SD":"\u0ab8\u0ac1\u0aa6\u0abe\u0aa8","SE":"\u0ab8\u0acd\u0ab5\u0ac0\u0aa1\u0aa8","SG":"\u0ab8\u0abf\u0a82\u0a97\u0abe\u0aaa\u0ac1\u0ab0","SH":"\u0ab8\u0ac7\u0a82\u0a9f \u0ab9\u0ac7\u0ab2\u0ac7\u0aa8\u0abe","SI":"\u0ab8\u0acd\u0ab2\u0acb\u0ab5\u0ac7\u0aa8\u0abf\u0aaf\u0abe","SJ":"\u0ab8\u0acd\u0ab5\u0abe\u0ab2\u0aac\u0ab0\u0acd\u0aa1 \u0a8f\u0a82\u0aa1 \u0a9c\u0ac7\u0aa8 \u0aae\u0ac7\u0aaf\u0aa8","SK":"\u0ab8\u0acd\u0ab2\u0acb\u0ab5\u0ac7\u0a95\u0abf\u0aaf\u0abe","SL":"\u0ab8\u0ac0\u0a8f\u0ab0\u0abe \u0ab2\u0ac7\u0a93\u0aa8","SM":"\u0ab8\u0ac5\u0aa8 \u0aae\u0ac7\u0ab0\u0abf\u0aa8\u0acb","SN":"\u0ab8\u0ac7\u0aa8\u0ac7\u0a97\u0ab2","SO":"\u0ab8\u0acb\u0aae\u0abe\u0ab2\u0abf\u0aaf\u0abe","SR":"\u0ab8\u0ac1\u0ab0\u0ac0\u0aa8\u0abe\u0aae","ST":"\u0ab8\u0abe\u0a93 \u0a9f\u0ac9\u0aae \u0a85\u0aa8\u0ac7 \u0aaa\u0acd\u0ab0\u0abf\u0a82\u0ab8\u0abf\u0aaa\u0ac7","SV":"\u0a8f\u0ab2 \u0ab8\u0ac7\u0ab2\u0acd\u0ab5\u0abe\u0aa1\u0acb\u0ab0","SY":"\u0ab8\u0ac0\u0ab0\u0abf\u0aaf\u0abe","SZ":"\u0ab8\u0acd\u0ab5\u0abe\u0a9d\u0abf\u0ab2\u0ac7\u0aa8\u0acd\u0aa1","TC":"\u0a9f\u0ab0\u0acd\u0a95\u0acd\u0ab8 \u0a8f\u0aa8\u0acd\u0aa1 \u0a95\u0ac8\u0a95\u0acb\u0ab8 \u0a86\u0a87\u0ab2\u0ac7\u0aa8\u0acd\u0aa1\u0acd\u0ab8","TD":"\u0a9a\u0abe\u0aa1","TF":"\u0aab\u0acd\u0ab0\u0ac7\u0a82\u0a9a \u0ab8\u0aa6\u0ab0\u0acd\u0aa8 \u0a9f\u0ac7\u0ab0\u0abf\u0a9f\u0ab0\u0ac0\u0a9d","TG":"\u0a9f\u0acb\u0a97\u0acb","TH":"\u0aa5\u0abe\u0a87\u0ab2\u0ac7\u0a82\u0aa1","TJ":"\u0aa4\u0abe\u0a9c\u0ac0\u0a95\u0abf\u0ab8\u0acd\u0aa4\u0abe\u0aa8","TK":"\u0a9f\u0acb\u0a95\u0ac7\u0ab2\u0abe\u0a89","TL":"\u0aaa\u0ac2\u0ab0\u0acd\u0ab5 \u0aa4\u0abf\u0aae\u0acb\u0ab0","TM":"\u0aa4\u0ac1\u0ab0\u0acd\u0a95\u0acd\u0aae\u0aa8\u0abf\u0ab8\u0acd\u0aa4\u0abe\u0aa8","TN":"\u0a9f\u0acd\u0aaf\u0ac1\u0aa8\u0abf\u0ab6\u0abf\u0aaf\u0abe","TO":"\u0a9f\u0acb\u0a82\u0a97\u0abe","TR":"\u0aa4\u0ac1\u0ab0\u0acd\u0a95\u0ab8\u0acd\u0aa4\u0abe\u0aa8","TT":"\u0aa4\u0acd\u0ab0\u0abf\u0aa8\u0abf\u0aa1\u0abe\u0aa1 \u0a85\u0aa8\u0ac7 \u0a9f\u0acb\u0aac\u0ac7\u0a97\u0acb","TV":"\u0aa4\u0ac1\u0ab5\u0abe\u0ab2\u0ac1","TW":"\u0aa4\u0abe\u0a87\u0ab5\u0abe\u0aa8","TZ":"\u0aa4\u0abe\u0a82\u0a9d\u0abe\u0aa8\u0abf\u0aaf\u0abe","UA":"\u0a9f\u0ab0\u0acd\u0a95\u0ac0","UG":"\u0aaf\u0ac1\u0a97\u0abe\u0a82\u0aa1\u0abe","UM":"\u0ab8\u0a82\u0aaf\u0ac1\u0a95\u0acd\u0aa4 \u0ab0\u0abe\u0a9c\u0acd\u0aaf \u0aae\u0abe\u0a87\u0aa8\u0ab0 \u0a86\u0a89\u0a9f\u0ab2\u0abe\u0a87\u0a82\u0a97 \u0a86\u0aaf\u0ab2\u0ac7\u0aa8\u0acd\u0aa1","US":"\u0ab8\u0a82\u0aaf\u0ac1\u0a95\u0aa4 \u0ab0\u0abe\u0a9c\u0acd\u0aaf\/ \u0a85\u0aae\u0ac7\u0ab0\u0abf\u0a95\u0abe","UY":"\u0a89\u0ab0\u0ac1\u0a97\u0acd\u0ab5\u0ac7","UZ":"\u0a89\u0a9d\u0acd\u0aac\u0ac7\u0a95\u0abf\u0ab8\u0acd\u0aa4\u0abe\u0aa8","VA":"\u0ab5\u0ac7\u0a9f\u0abf\u0a95\u0aa8","VC":"\u0ab8\u0ac7\u0a82\u0a9f \u0ab5\u0abf\u0a82\u0ab8\u0ac7\u0a82\u0a9f \u0a8f\u0a82\u0aa1 \u0aa7 \u0a97\u0acd\u0ab0\u0ac7\u0aa8\u0ac7\u0aa1\u0abf\u0aa8\u0acd\u0ab8","VE":"\u0ab5\u0ac7\u0aa8\u0ac7\u0a9d\u0ac1\u0a8f\u0ab2\u0abe","VG":"\u0aac\u0acd\u0ab0\u0abf\u0a9f\u0abf\u0ab6 \u0ab5\u0ab0\u0acd\u0a9c\u0abf\u0aa8 \u0a86\u0a87\u0ab2\u0ac7\u0aa8\u0acd\u0aa1","VI":"\u0aaf\u0ac1.\u0a8f\u0ab8 \u0ab5\u0ab0\u0acd\u0a9c\u0abf\u0aa8 \u0a86\u0a87\u0ab2\u0ac7\u0aa8\u0acd\u0aa1","VN":"\u0ab5\u0abf\u0aaf\u0ac7\u0aa4\u0aa8\u0abe\u0aae","VU":"\u0ab5\u0abe\u0aa8\u0ac1\u0a86\u0aa4\u0ac1","WF":"\u0ab5\u0ac9\u0ab2\u0abf\u0ab8 \u0a8f\u0a82\u0aa1 \u0aab\u0acd\u0aaf\u0ac1\u0a9a\u0ac1\u0aa8\u0abe","WS":"\u0ab8\u0aae\u0acb\u0a86","YE":"\u0aaf\u0ac7\u0aae\u0ac7\u0aa8","YT":"\u0aae\u0ac7\u0aaf\u0acb\u0a9f","ZA":"\u0aa6\u0a95\u0acd\u0ab7\u0abf\u0aa3 \u0a86\u0aab\u0acd\u0ab0\u0abf\u0a95\u0abe","ZM":"\u0a9d\u0abe\u0aae\u0acd\u0aac\u0abf\u0aaf\u0abe","ZW":"\u0a9d\u0abf\u0aae\u0acd\u0aac\u0abe\u0aac\u0acd\u0ab5\u0ac7","ZZ":"\u0a85\u0a9c\u0acd\u0a9e\u0abe\u0aa4 \u0a85\u0aa5\u0ab5\u0abe \u0a85\u0aae\u0abe\u0aa8\u0acd\u0aaf \u0aaa\u0acd\u0ab0\u0aa6\u0ac7\u0ab6"}