{"AD":"Andorra","AE":"Emiratos \u00c1rabes Unidos","AF":"Afganist\u00e1n","AG":"Antiga e Barbuda","AI":"Anguila","AL":"Albania","AM":"Armenia","AN":"Antillas Holandesas","AO":"Angola","AQ":"Ant\u00e1rtida","AR":"Arxentina","AS":"Samoa Americana","AT":"Austria","AU":"Australia","AW":"Aruba","AX":"Illas Aland","AZ":"Acerbaix\u00e1n","BA":"Bosnia e Hercegovina","BB":"Barbados","BD":"Bangladesh","BE":"B\u00e9lxica","BF":"Burkina Faso","BG":"Bulgaria","BH":"Bahrein","BI":"Burundi","BJ":"Benin","BL":"San Bartolom\u00e9","BM":"Bermudas","BN":"Brunei","BO":"Bolivia","BR":"Brasil","BS":"Bahamas","BT":"But\u00e1n","BV":"Illa Bouvet","BW":"Botsuana","BY":"Bielorrusia","BZ":"Belice","CA":"Canad\u00e1","CC":"Illas Cocos","CD":"Rep\u00fablica Democr\u00e1tica do Congo","CF":"Rep\u00fablica Africana Central","CG":"Congo","CH":"Su\u00edza","CI":"Costa de Marfil","CK":"Illas Cook","CL":"Chile","CM":"Camer\u00fan","CN":"China","CO":"Colombia","CR":"Costa Rica","CS":"Serbia e Montenegro","CU":"Cuba","CV":"Cabo Verde","CX":"Illa Christmas","CY":"Chipre","CZ":"Rep\u00fablica Checa","DE":"Alema\u00f1a","DJ":"Xibuti","DK":"Dinamarca","DM":"Dominica","DO":"Rep\u00fablica Dominicana","DZ":"Arxelia","EC":"Ecuador","EE":"Estonia","EG":"Exipto","EH":"Sahara Occidental","ER":"Eritrea","ES":"Espa\u00f1a","ET":"Etiop\u00eda","FI":"Finlandia","FJ":"Fixi","FK":"Illas Malvinas","FM":"Micronesia","FO":"Illas Feroe","FR":"Francia","GA":"Gab\u00f3n","GB":"Reino Unido","GD":"Granada","GE":"Xeorxia","GF":"G\u00fciana Francesa","GG":"Guernsey","GH":"Gana","GI":"Xibraltar","GL":"Grenlandia","GM":"Gambia","GN":"Guinea","GP":"Guadalupe","GQ":"Guinea Ecuatorial","GR":"Grecia","GS":"Xeorxia do Sur e Illas Sandwich","GT":"Guatemala","GU":"Guam","GW":"Guinea-Bissau","GY":"G\u00fciana","HK":"Hong Kong RAE de China","HM":"Illa Heard e Illas McDonald","HN":"Honduras","HR":"Croacia","HT":"Hait\u00ed","HU":"Hungr\u00eda","ID":"Indonesia","IE":"Irlanda","IL":"Israel","IM":"Illa de Man","IN":"India","IO":"Territorio Brit\u00e1nico do Oc\u00e9ano \u00cdndico","IQ":"Iraq","IR":"Ir\u00e1n","IS":"Islandia","IT":"Italia","JE":"Jersey","JM":"Xamaica","JO":"Xordania","JP":"Xap\u00f3n","KE":"Quenia","KG":"Quirguicist\u00e1n","KH":"Cambodia","KI":"Kiribati","KM":"Comores","KN":"San Cristovo e Nevis","KP":"Corea do Norte","KR":"Corea do Sur","KW":"Kuwait","KY":"Illas Caim\u00e1n","KZ":"Kazakhstan","LA":"Laos","LB":"L\u00edbano","LC":"Santa Luc\u00eda","LI":"Liechtenstein","LK":"Sri Lanka","LR":"Liberia","LS":"Lesotho","LT":"Lituania","LU":"Luxemburgo","LV":"Letonia","LY":"Libia","MA":"Marrocos","MC":"M\u00f3naco","MD":"Moldova","ME":"Montenegro","MF":"San Marti\u00f1o","MG":"Madagascar","MH":"Illas Marshall","MK":"Macedonia","ML":"Mali","MM":"Myanmar","MN":"Mongolia","MO":"Macau RAE de China","MP":"Illas Marianas do norte","MQ":"Martinica","MR":"Mauritania","MS":"Montserrat","MT":"Malta","MU":"Mauricio","MV":"Maldivas","MW":"Malaui","MX":"M\u00e9xico","MY":"Malaisia","MZ":"Mozambique","NA":"Namibia","NC":"Nova Caledonia","NE":"N\u00edxer","NF":"Illa Norfolk","NG":"Nixeria","NI":"Nicaragua","NL":"Pa\u00edses Baixos","NO":"Noruega","NP":"Nepal","NR":"Nauru","NU":"Niue","NZ":"Nova Celandia","OM":"Om\u00e1n","PA":"Panam\u00e1","PE":"Per\u00fa","PF":"Polinesia Francesa","PG":"Pap\u00faa Nova Guinea","PH":"Filipinas","PK":"Paquist\u00e1n","PL":"Polonia","PM":"San Pedro e Miguel\u00f3n","PN":"Pitcairn","PR":"Porto Rico","PS":"Palestina","PT":"Portugal","PW":"Palau","PY":"Paraguai","QA":"Qatar","RE":"Reuni\u00f3n","RO":"Roman\u00eda","RS":"Serbia","RU":"Rusia","RW":"Ruanda","SA":"Arabia Saudita","SB":"Illas Salom\u00f3n","SC":"Seixeles","SD":"Sud\u00e1n","SE":"Suecia","SG":"Singapur","SH":"Santa Helena","SI":"Eslovenia","SJ":"Svalbard e Jan Mayen","SK":"Eslovaquia","SL":"Serra Leoa","SM":"San Marino","SN":"Senegal","SO":"Somalia","SR":"Surinam","ST":"Santo Tom\u00e9 e Pr\u00edncipe","SV":"El Salvador","SY":"Siria","SZ":"Suacilandia","TC":"Illas Turks e Caicos","TD":"Xad","TF":"Territorios Franceses do Sul","TG":"Togo","TH":"Tailandia","TJ":"Taxiquist\u00e1n","TK":"Tokelau","TL":"Timor Leste","TM":"Turkmenist\u00e1n","TN":"Tunisia","TO":"Tonga","TR":"Turqu\u00eda","TT":"Trindade e Tobago","TV":"Tuvalu","TW":"Taiw\u00e1n","TZ":"Tanzania","UA":"Ucra\u00edna","UG":"Uganda","UM":"Illas Menores Distantes dos EUA.","US":"Estados Unidos de Am\u00e9rica","UY":"Uruguai","UZ":"Uzbekist\u00e1n","VA":"Cidade do Vaticano","VC":"San Vicente e Granadinas","VE":"Venezuela","VG":"Illas Virxes Brit\u00e1nicas","VI":"Illas Virxes Estadounidenses","VN":"Vietnam","VU":"Vanuatu","WF":"Wallis e Futuna","WS":"Samoa","YE":"Iemen","YT":"Mayotte","ZA":"Sud\u00e1frica","ZM":"Zambia","ZW":"Cimbabue","ZZ":"rexi\u00f3n desco\u00f1ecida ou non v\u00e1lida"}