{"AD":"Andora","AE":"Apvienotie Ar\u0101bu Emir\u0101ti","AF":"Afganist\u0101na","AG":"Antigva un Barbuda","AI":"Angilja","AL":"Alb\u0101nija","AM":"Arm\u0113nija","AN":"N\u012bderlandes Anti\u013cas","AO":"Angola","AQ":"Antarktika","AR":"Argent\u012bna","AS":"Amerik\u0101\u0146u Samoa","AT":"Austrija","AU":"Austr\u0101lija","AW":"Aruba","AX":"Olandes salas","AZ":"Azerbaid\u017e\u0101na","BA":"Bosnija un Hercegovina","BB":"Barbadosa","BD":"Banglade\u0161a","BE":"Be\u013c\u0123ija","BF":"Burkinafaso","BG":"Bulg\u0101rija","BH":"Bahreina","BI":"Burundi","BJ":"Benina","BL":"Senbartelm\u012b","BM":"Bermudu salas","BN":"Bruneja","BO":"Bol\u012bvija","BR":"Braz\u012blija","BS":"Bahamas","BT":"But\u0101na","BV":"Buv\u0113 sala","BW":"Botsv\u0101na","BY":"Baltkrievija","BZ":"Beliza","CA":"Kan\u0101da","CC":"Kokosu jeb K\u012blinga salas","CD":"Kongo Demokr\u0101tisk\u0101 Republika","CF":"Centr\u0101l\u0101frikas Republika","CG":"Kongo","CH":"\u0160veice","CI":"Kotdivu\u0101ra","CK":"Kuka salas","CL":"\u010c\u012ble","CM":"Kamer\u016bna","CN":"\u0136\u012bna","CO":"Kolumbija","CR":"Kostarika","CS":"Serbija un Melnkalne","CU":"Kuba","CV":"Kaboverde","CX":"Ziemsv\u0113tku sala","CY":"Kipra","CZ":"\u010cehija","DE":"V\u0101cija","DJ":"D\u017eibutija","DK":"D\u0101nija","DM":"Dominika","DO":"Dominik\u0101nas Republika","DZ":"Al\u017e\u012brija","EC":"Ekvadora","EE":"Igaunija","EG":"\u0112\u0123ipte","EH":"Rietumsah\u0101ra","ER":"Eritreja","ES":"Sp\u0101nija","ET":"Etiopija","FI":"Somija","FJ":"Fid\u017ei","FK":"Folklenda salas","FM":"Mikron\u0113zijas Federat\u012bv\u0101s Valstis","FO":"Far\u0113ru salas","FR":"Francija","GA":"Gabona","GB":"Lielbrit\u0101nija","GD":"Gren\u0101da","GE":"Gruzija","GF":"Fran\u010du Gvi\u0101na","GG":"G\u0113rnsija","GH":"Gana","GI":"Gibralt\u0101rs","GL":"Grenlande","GM":"Gambija","GN":"Gvineja","GP":"Gvadelupa","GQ":"Ekvatori\u0101l\u0101 Gvineja","GR":"Grie\u0137ija","GS":"Dienvidd\u017eord\u017eija un Dienvidsendvi\u010du salas","GT":"Gvatemala","GU":"Guama","GW":"Gvineja-Bisava","GY":"Gaj\u0101na","HK":"\u0136\u012bnas \u012bpa\u0161\u0101s p\u0101rvaldes apgabals Honkonga","HM":"H\u0113rda un Makdonalda salas","HN":"Hondurasa","HR":"Horv\u0101tija","HT":"Haiti","HU":"Ung\u0101rija","ID":"Indon\u0113zija","IE":"\u012arija","IL":"Izra\u0113la","IM":"Mena","IN":"Indija","IO":"Britu Indijas oke\u0101na teritorija","IQ":"Ir\u0101ka","IR":"Ir\u0101na","IS":"\u012aslande","IT":"It\u0101lija","JE":"D\u017e\u0113rsija","JM":"Jamaika","JO":"Jord\u0101nija","JP":"Jap\u0101na","KE":"Kenija","KG":"Kirg\u012bzija","KH":"Kambod\u017ea","KI":"Kiribati","KM":"Komoru salas","KN":"Sentkitsa un Nevisa","KP":"Zieme\u013ckoreja","KR":"Dienvidkoreja","KW":"Kuveita","KY":"Kaimanu salas","KZ":"Kazahst\u0101na","LA":"Laosa","LB":"Lib\u0101na","LC":"Sentl\u016bsija","LI":"Lihten\u0161teina","LK":"\u0160rilanka","LR":"Lib\u0113rija","LS":"Lesoto","LT":"Lietuva","LU":"Luksemburga","LV":"Latvija","LY":"L\u012bbija","MA":"Maroka","MC":"Monako","MD":"Moldova","ME":"Melnkalne","MF":"Senmart\u0113na","MG":"Madagaskara","MH":"M\u0101r\u0161ala salas","MK":"Ma\u0137edonija","ML":"Mali","MM":"Mjanma","MN":"Mongolija","MO":"\u0136\u012bnas \u012bpa\u0161\u0101s p\u0101rvaldes apgabals Makao","MP":"Zieme\u013cu Marianas salas","MQ":"Martinika","MR":"Maurit\u0101nija","MS":"Montserrata","MT":"Malta","MU":"Maur\u012bcija","MV":"Mald\u012bvija","MW":"Mal\u0101vija","MX":"Meksika","MY":"Malaizija","MZ":"Mozambika","NA":"Nam\u012bbija","NC":"Jaunkaledonija","NE":"Nig\u0113ra","NF":"Norfolkas sala","NG":"Nig\u0113rija","NI":"Nikaragva","NL":"N\u012bderlande","NO":"Norv\u0113\u0123ija","NP":"Nep\u0101la","NR":"Nauru","NU":"Niue","NZ":"Jaunz\u0113lande","OM":"Om\u0101na","PA":"Panama","PE":"Peru","PF":"Fran\u010du Polin\u0113zija","PG":"Papua-Jaungvineja","PH":"Filip\u012bnas","PK":"Pakist\u0101na","PL":"Polija","PM":"Senpj\u0113ra un Mikelona","PN":"Pitk\u0113rna","PR":"Puertoriko","PS":"Palest\u012bnie\u0161u pa\u0161p\u0101rvaldes teritorija","PT":"Portug\u0101le","PW":"Palau","PY":"Paragvaja","QA":"Katara","RE":"Reinjona","RO":"Rum\u0101nija","RS":"Serbija","RU":"Krievija","RW":"Ruanda","SA":"Sa\u016bda Ar\u0101bija","SB":"Z\u0101lamana salas","SC":"Sei\u0161e\u013cu salas","SD":"Sud\u0101na","SE":"Zviedrija","SG":"Singap\u016bra","SH":"Sv. Hel\u0113nas sala","SI":"Slov\u0113nija","SJ":"Svalb\u0101ra un Jana Majena sala","SK":"Slov\u0101kija","SL":"Sjerraleone","SM":"Sanmar\u012bno","SN":"Seneg\u0101la","SO":"Som\u0101lija","SR":"Surinama","ST":"Santome un Prinsipi","SV":"Salvadora","SY":"S\u012brija","SZ":"Svazilenda","TC":"T\u0113rksas un Kaikosas salas","TD":"\u010cada","TF":"Fran\u010du dienvidu teritorijas","TG":"Togo","TH":"Taizeme","TJ":"Tad\u017eikist\u0101na","TK":"Tokelau","TL":"Austrumtimora","TM":"Turkmenist\u0101na","TN":"Tunisija","TO":"Tonga","TR":"Turcija","TT":"Trinid\u0101da un Tob\u0101go","TV":"Tuvalu","TW":"Taiv\u0101na","TZ":"Tanz\u0101nija","UA":"Ukraina","UG":"Uganda","UM":"ASV maz\u0101s aizj\u016bras teritorijas","US":"Amerikas Savienot\u0101s Valstis","UY":"Urugvaja","UZ":"Uzbekist\u0101na","VA":"Vatik\u0101ns","VC":"Sentvinsenta un Grenad\u012bnas","VE":"Venecu\u0113la","VG":"Britu Vird\u017e\u012bnu salas","VI":"Amerik\u0101\u0146u Vird\u017e\u012bnu salas","VN":"Vjetnama","VU":"Vanuatu","WF":"Volisa un Futuna","WS":"Samoa","YE":"Jemena","YT":"Majota","ZA":"Dienvid\u0101frika","ZM":"Zambija","ZW":"Zimbabve","ZZ":"nezin\u0101ms vai neder\u012bgs re\u0123ions"}