{"AE":"Arabiar Emirrerri Batuak","AF":"Afganistan","AG":"Antigua eta Barbuda","AL":"Albania","AM":"Armenia","AN":"Holandarren Antillak","AO":"Angola","AQ":"Antartika","AR":"Argentina","AS":"Amerikar Samoa","AT":"Austria","AU":"Australia","AX":"Aland Uharteak","AZ":"Azerbaijan","BA":"Bosnia-Herzegovina","BD":"Bangladesh","BE":"Belgika","BF":"Burkina Faso","BG":"Bulgaria","BI":"Burundi","BJ":"Benin","BO":"Bolibia","BR":"Brasil","BS":"Bahamak","BT":"Bhutan","BV":"Bouvet Uhartea","BW":"Botswana","BY":"Bielorrusia","CA":"Kanada","CC":"Cocos uharteak","CD":"Kongoko Errepublika Demokratikoa","CF":"Afrika Erdiko Errepublika","CG":"Kongo","CH":"Suitza","CI":"Boli Kosta","CK":"Cook uharteak","CL":"Txile","CM":"Kamerun","CN":"Txina","CO":"Kolonbia","CS":"Serbia eta Montenegro","CU":"Kuba","CV":"Cabo Verde","CX":"Christmas uhartea","CY":"Zipre","CZ":"Txekiar errepublika","DE":"Alemania","DJ":"Djibuti","DK":"Danimarka","DM":"Dominika","DO":"Dominikar Errepublika","DZ":"Aljeria","EC":"Ekuador","EE":"Estonia","EG":"Egipto","EH":"Mendebaldeko Sahara","ER":"Eritrea","ES":"Espainia","ET":"Etiopia","FI":"Finlandia","FK":"Malvinak","FM":"Mikronesia","FO":"Faroe Uharteak","FR":"Frantzia","GA":"Gabon","GB":"Erresuma Batua","GE":"Georgia","GF":"Guyana Frantsesa","GG":"Guernsey","GH":"Ghana","GL":"Groenlandia","GM":"Gambia","GN":"Ginea","GQ":"Ekuatore Ginea","GR":"Grezia","GS":"Hegoaldeko Georgia eta Hegoaldeko Sandwich uharteak","GW":"Ginea-Bissau","HM":"Heard eta McDonald Uharteak","HN":"Honduras","HR":"Kroazia","HT":"Haiti","HU":"Hungaria","ID":"Indonesia","IE":"Irlanda","IL":"Israel","IM":"Man uhartea","IN":"India","IO":"Indiako Ozeanoko Britainiar Lurraldea","IQ":"Irak","IR":"Iran","IS":"Islandia","IT":"Italia","JE":"Jersey","JM":"Jamaika","JO":"Jordania","JP":"Japonia","KE":"Kenia","KG":"Kirgizistan","KH":"Kanbodia","KI":"Kiribati","KM":"Komoreak","KN":"Saint Kitts eta Nevis","KP":"Ipar Korea","KR":"Hego Korea","KY":"Kaiman Uharteak","KZ":"Kazakhstan","LA":"Laos","LB":"Libano","LC":"Santa Luzia","LI":"Liechtenstein","LK":"Sri Lanka","LR":"Liberia","LS":"Lesotho","LT":"Lituania","LU":"Luxenburgo","LV":"Letonia","LY":"Libia","MA":"Maroko","MC":"Monako","MD":"Moldavia","ME":"Montenegro","MG":"Madagaskar","MH":"Marshall uharteak","MK":"Mazedonia","ML":"Mali","MM":"Birmania","MN":"Mongolia","MO":"Makau","MP":"Iparraldeko Mariana uharteak","MR":"Mauritania","MU":"Maurizio","MV":"Maldivak","MW":"Malawi","MX":"Mexiko","MY":"Malasia","MZ":"Mozambike","NA":"Namibia","NC":"Kaledonia Berria","NE":"Niger","NF":"Norfolk uhartea","NG":"Nigeria","NI":"Nikaragua","NL":"Herbehereak","NO":"Norvegia","NP":"Nepal","NZ":"Zeelanda Berria","OM":"Oman","PE":"Peru","PF":"Polinesia Frantsesa","PG":"Papua Ginea Berria","PH":"Filipinak","PK":"Pakistan","PL":"Polonia","PM":"Saint-Pierre eta Mikelune","PS":"Palestina","PT":"Portugal","PY":"Paraguai","QA":"Katar","RO":"Errumania","RS":"Serbia","RU":"Errusia","RW":"Ruanda","SA":"Saudi Arabia","SB":"Salomon uharteak","SC":"Seychelleak","SD":"Sudan","SE":"Suedia","SG":"Singapur","SH":"Saint Helena","SI":"Eslovenia","SJ":"Svalbard eta Jan Mayen uharteak","SK":"Eslovakia","SL":"Sierra Leona","SM":"San Marino","SN":"Senegal","SO":"Somalia","SR":"Surinam","ST":"Sao Tom\u00e9 eta Principe","SY":"Siria","SZ":"Swazilandia","TC":"Turk eta Caico uharteak","TD":"Txad","TF":"Frantziaren Lurralde Australak","TG":"Togo","TH":"Tailandia","TJ":"Tadjikistan","TK":"Tokelau","TL":"Ekialdeko Timor","TM":"Turkmenistan","TN":"Tunisia","TO":"Tonga","TR":"Turkia","TT":"Trinidad eta Tobago","TV":"Tuvalu","TW":"Taiwan","TZ":"Tanzania","UA":"Ukraina","UG":"Uganda","UM":"Estatu Batuetatik urruti dauden uharte txikiak","US":"Ameriketako Estatu Batuak","UY":"Uruguai","UZ":"Uzbekistan","VA":"Vatikano","VC":"Saint Vincent eta Grenadinak","VE":"Venezuela","VG":"Birjina uharte britainiarrak","VI":"Birjina uharte amerikarrak","VN":"Vietnam","VU":"Vanuatu","WF":"Wallis eta Futuna","WS":"Samoa","YE":"Yemen","ZA":"Hegoafrika","ZM":"Zambia","ZW":"Zimbabwe"}