{"AD":"Andola","AE":"Falme za Kialabu","AF":"Afuganistani","AG":"Antigua na Balbuda","AI":"Anguilla","AL":"Albania","AM":"Almenia","AN":"Antili za Uholanzi","AO":"Angola","AR":"Ajentina","AS":"Samoa ya Malekani","AT":"Austlia","AU":"Austlalia","AW":"Aluba","AZ":"Azabajani","BA":"Bosnia na Hezegovina","BB":"Babadosi","BD":"Bangladeshi","BE":"","BF":"Bukinafaso","BG":"Bulgalia","BH":"Bahaleni","BI":"Bulundi","BJ":"Benini","BM":"Belmuda","BN":"Blunei","BO":"Bolivia","BR":"Blazili","BS":"Bahama","BT":"Butani","BW":"Botswana","BY":"Belalusi","BZ":"Belize","CA":"Kanada","CD":"Jamhuli ya Kidemoklasia ya Kongo","CF":"Jamhuli ya Afrika ya Gati","CG":"Kongo","CH":"Uswisi","CI":"Kodivaa","CK":"Visiwa vya Cook","CL":"Chile","CM":"Kameluni","CN":"China","CO":"Kolombia","CR":"Kostalika","CS":"Selbia na Monteneglo","CU":"Kuba","CV":"Kepuvede","CY":"Kuplosi","CZ":"Jamhuli ya Cheki","DE":"Ujeumani","DJ":"Jibuti","DK":"Denmaki","DM":"Dominika","DO":"Jamhuli ya Dominika","DZ":"Aljelia","EC":"Ekwado","EE":"Estonia","EG":"Misli","ER":"Elitlea","ES":"Hispania","ET":"Uhabeshi","FI":"Ufini","FJ":"Fiji","FK":"Visiwa vya Falkland","FM":"Miklonesia","FR":"Ufalansa","GA":"Gaboni","GB":"Uingeeza","GD":"Glenada","GE":"Jojia","GF":"Gwiyana ya Ufalansa","GH":"Ghana","GI":"Jiblalta","GL":"Glinlandi","GM":"Gambia","GN":"Gine","GP":"Gwadelupe","GQ":"Ginekweta","GR":"Ugiiki","GT":"Gwatemala","GU":"Gwam","GW":"Ginebisau","GY":"Guyana","HN":"Honduasi","HR":"Kolasia","HT":"Haiti","HU":"Hungalia","ID":"Indonesia","IE":"Ayalandi","IL":"Islaeli","IN":"India","IO":"Eneo ja Uingeeza mwe Bahali Hindi","IQ":"Ilaki","IR":"Uajemi","IS":"Aislandi","IT":"Italia","JM":"Jamaika","JO":"Yoldani","JP":"Japani","KE":"Kenya","KG":"Kiigizistani","KH":"Kambodia","KI":"Kiibati","KM":"Komolo","KN":"Santakitzi na Nevis","KP":"Kolea Kaskazini","KR":"Kolea Kusini","KW":"Kuwaiti","KY":"Visiwa vya Kayman","KZ":"Kazakistani","LA":"Laosi","LB":"Lebanoni","LC":"Santalusia","LI":"Lishenteni","LK":"Sililanka","LR":"Libelia","LS":"Lesoto","LT":"Litwania","LU":"Lasembagi","LV":"Lativia","LY":"Libya","MA":"Moloko","MC":"Monako","MD":"Moldova","MG":"Bukini","MH":"Visiwa vya Mashal","MK":"Masedonia","ML":"Mali","MM":"Myama","MN":"Mongolia","MP":"Visiwa vya Maliana vya Kaskazini","MQ":"Maltiniki","MR":"Maulitania","MS":"Montselati","MT":"Malta","MU":"Molisi","MV":"Modivu","MW":"Malawi","MX":"Meksiko","MY":"Malesia","MZ":"Msumbiji","NA":"Namibia","NC":"Nyukaledonia","NE":"Naija","NF":"Kisiwa cha Nolfok","NG":"Naijelia","NI":"Nikalagwa","NL":"Uholanzi","NO":"Nolwei","NP":"Nepali","NR":"Naulu","NU":"Niue","NZ":"Nyuzilandi","OM":"Omani","PA":"Panama","PE":"Pelu","PF":"Polinesia ya Ufalansa","PG":"Papua","PH":"Filipino","PK":"Pakistani","PL":"Polandi","PM":"Santapieli na Mikeloni","PN":"Pitkailni","PR":"Pwetoliko","PS":"Ukingo wa Maghalibi na Ukanda wa Gaza wa Palestina","PT":"Uleno","PW":"Palau","PY":"Palagwai","QA":"Katali","RE":"Liyunioni","RO":"Lomania","RU":"Ulusi","RW":"Lwanda","SA":"Saudi","SB":"Visiwa vya Solomon","SC":"Shelisheli","SD":"Sudani","SE":"Uswidi","SG":"Singapoo","SH":"Santahelena","SI":"Slovenia","SK":"Slovakia","SL":"Siela Leoni","SM":"Samalino","SN":"Senegali","SO":"Somalia","SR":"Sulinamu","ST":"Sao Tome na Plincipe","SV":"Elsavado","SY":"Silia","SZ":"Uswazi","TC":"Visiwa vya Tulki na Kaiko","TD":"Chadi","TG":"Togo","TH":"Tailandi","TJ":"Tajikistani","TK":"Tokelau","TL":"Timoli ya Mashaliki","TM":"Tulukimenistani","TN":"Tunisia","TO":"Tonga","TR":"Utuluki","TT":"Tlinidad na Tobago","TV":"Tuvalu","TW":"Taiwani","TZ":"Tanzania","UA":"Uklaini","UG":"Uganda","US":"Malekani","UY":"Ulugwai","UZ":"Uzibekistani","VA":"Vatikani","VC":"Santavisenti na Glenadini","VE":"Venezuela","VG":"Visiwa vya Vilgin vya Uingeeza","VI":"Visiwa vya Vilgin vya Malekani","VN":"Vietinamu","VU":"Vanuatu","WF":"Walis na Futuna","WS":"Samoa","YE":"Yemeni","YT":"Mayotte","ZA":"Aflika Kusini","ZM":"Zambia","ZW":"Zimbabwe"}