{"AD":"Andorra","AE":"Emiraethau Arabaidd Unedig","AF":"Affganistan","AG":"Antigwa a Barbuda","AI":"Anguilla","AL":"Albania","AM":"Armenia","AN":"Ynysoedd Carib\u00ee yr Iseldiroedd","AO":"Angola","AQ":"Antarctica","AR":"Yr Ariannin","AS":"Samoa Americanaidd","AT":"Awstria","AU":"Awstralia","AW":"Aruba","AX":"Ynysoedd Aland","AZ":"Azerbaijan","BA":"Bosnia a Herzegovina","BB":"Barbados","BD":"Bangladesh","BE":"Gwlad Belg","BF":"Burkina Faso","BG":"Bwlgaria","BH":"Bahrain","BI":"Burundi","BJ":"Benin","BM":"Bermwda","BN":"Brunei","BO":"Bolifia","BR":"Brasil","BS":"Y Bahamas","BT":"Bhwtan","BV":"Ynys Bouvet","BW":"Botswana","BY":"Belarws","BZ":"Belize","CA":"Canada","CC":"Ynysoedd Cocos (Keeling)","CD":"Gweriniaeth Ddemocrataidd y Congo","CF":"Gweriniaeth Canol Affrica","CG":"Congo","CH":"Y Swistir","CI":"C\u00f4te d\u2019Ivoire","CK":"Ynysoedd Cook","CL":"Chile","CM":"Y Camer\u0175n","CN":"Tseina","CO":"Colombia","CR":"Costa Rica","CU":"Ciwba","CV":"Cape Verde","CX":"Ynys y Nadolig","CY":"Cyprus","CZ":"Gweriniaeth Tsiec","DE":"Yr Almaen","DJ":"Djibouti","DK":"Denmarc","DM":"Dominica","DO":"Y Weriniaeth Ddominicaidd","DZ":"Algeria","EC":"Ecwador","EE":"Estonia","EG":"Yr Aifft","EH":"Gorllewin Sahara","ER":"Eritrea","ES":"Sbaen","ET":"Ethiopia","FI":"Y Ffindir","FJ":"Fiji","FK":"Ynysoedd y Falkland","FM":"Micronesia","FO":"Ynysoedd Ffar\u00f6e","FR":"Ffrainc","GA":"Gabon","GB":"Prydain Fawr","GD":"Grenada","GE":"Georgia","GF":"Giana Ffrengig","GH":"Ghana","GI":"Gibraltar","GL":"Yr Ynys Las","GM":"Gambia","GN":"Gini","GP":"Guadeloupe","GQ":"Gini Gyhydeddol","GR":"Gwlad Groeg","GS":"Ynysoedd De Georgia a De Sandwich","GT":"Guatemala","GU":"Guam","GW":"Guinea-Bissau","GY":"Guyana","HK":"Hong Kong S.A.R., Tseina","HM":"Ynys Heard ac Ynysoedd McDonald","HN":"Hondwras","HR":"Croatia","HT":"Haiti","HU":"Hwngari","ID":"Indonesia","IE":"Iwerddon","IL":"Israel","IM":"Ynys Manaw","IN":"India","IO":"Tiriogaeth Cefnfor India Prydain","IQ":"Irac","IR":"Iran","IS":"Gwlad yr I\u00e2","IT":"Yr Eidal","JM":"Jamaica","JO":"Yr Iorddonen","JP":"Siapan","KE":"Cenia","KG":"Cirgistan","KH":"Cambodia","KI":"Kiribati","KM":"Comoros","KN":"Saint Kitts a Nevis","KP":"Gogledd Corea","KR":"De Corea","KW":"Coweit","KY":"Ynysoedd Cayman","KZ":"Kazakhstan","LA":"Laos","LB":"Libanus","LC":"Saint Lucia","LI":"Liechtenstein","LK":"Sri Lanka","LR":"Liberia","LS":"Lesotho","LT":"Lithwania","LU":"Lwcsembwrg","LV":"Latfia","LY":"Libia","MA":"Moroco","MC":"Monaco","MD":"Moldofa","MG":"Madagascar","MH":"Ynysoedd Marshall","MK":"Macedonia","ML":"Mali","MM":"Myanmar","MN":"Mongolia","MO":"Macao S.A.R., Tseina","MP":"Ynysoedd Gogledd Mariana","MQ":"Martinique","MR":"Mawritania","MS":"Montserrat","MT":"Malta","MU":"Mawrisiws","MV":"Maldives","MW":"Malawi","MX":"Mecsico","MY":"Malaysia","MZ":"Mozambique","NA":"Namibia","NC":"Caledonia Newydd","NE":"Niger","NF":"Ynys Norfolk","NG":"Nigeria","NI":"Nicaragwa","NL":"Yr Iseldiroedd","NO":"Norwy","NP":"Nepal","NR":"Nawrw","NU":"Niue","NZ":"Seland Newydd","OM":"Oman","PA":"Panama","PE":"Perw","PF":"Polynesia Ffrainc","PG":"Papua Gini Newydd","PH":"Philipinau","PK":"Pacistan","PL":"Gwlad Pwyl","PM":"Saint Pierre a Miquelon","PN":"Pitcairn","PR":"Puerto Rico","PS":"Tiriogaeth Palesteina","PT":"Portiwgal","PW":"Palau","PY":"Paraguay","QA":"Qatar","RE":"R\u00e9union","RO":"Rwmania","RU":"Rwsia","RW":"Rwanda","SA":"Sawdi-Arabia","SB":"Ynysoedd Solomon","SC":"Seychelles","SD":"Y Swdan","SE":"Sweden","SG":"Singapore","SH":"Saint Helena","SI":"Slofenia","SJ":"Svalbard a Jan Mayen","SK":"Slofacia","SL":"Sierra Leone","SM":"San Marino","SN":"Senegal","SO":"Somalia","SR":"Swrinam","ST":"Sao Tome a Principe","SV":"El Salfador","SY":"Syria","SZ":"Swaziland","TC":"Ynysoedd Turks a Caicos","TD":"Chad","TF":"Tiriogaethau Ffrengig y De","TG":"Togo","TH":"Gwlad Thai","TJ":"Tajicistan","TK":"Tokelau","TL":"Timor-Leste","TM":"Tyrcmenistan","TN":"Tiwnisia","TO":"Tonga","TR":"Twrci","TT":"Trinidad a Thobago","TV":"Twfalw","TW":"Taiwan","TZ":"Tansan\u00efa","UA":"Wcr\u00e1in","UG":"Uganda","UM":"M\u00e2n Ynysoedd Pellenig yr Unol Daleithiau","US":"Yr Unol Daleithiau","UY":"Uruguay","UZ":"Wsbecistan","VA":"Y Fatican","VC":"Saint Vincent a\u2019r Grenadines","VE":"Venezuela","VG":"Ynysoedd Prydeinig y Wyryf","VI":"Ynysoedd Americanaidd y Wyryf","VN":"Fietnam","VU":"Vanuatu","WF":"Wallis a Futuna","WS":"Samoa","YE":"Yemen","YT":"Mayotte","ZA":"De Affrica","ZM":"Sambia","ZW":"Simbabwe"}