{"AD":"Andorra","AE":"United Arab Emirates","AF":"Afghanistan","AG":"Antigua at Barbuda","AI":"Anguilla","AL":"Albania","AM":"Armenia","AN":"Netherlands Antilles","AO":"Angola","AQ":"Antartica","AR":"Argentina","AS":"American Samoa","AT":"Austria","AU":"Australia","AW":"Aruba","AX":"Aland Islands","AZ":"Azerbaijan","BA":"Bosnia and Herzegovina","BB":"Barbados","BD":"Bangladesh","BE":"Belgium","BF":"Burkina Faso","BG":"Bulgaria","BH":"Bahrain","BI":"Burundi","BJ":"Benin","BM":"Bermuda","BN":"Brunei","BO":"Bolivia","BR":"Brazil","BS":"Bahamas","BT":"Bhutan","BV":"Bouvet Island","BW":"Botswana","BY":"Belarus","BZ":"Belize","CA":"Canada","CC":"Cocos Islands","CD":"Congo - Kinshasa","CF":"Central African Republic","CG":"Congo","CH":"Switzerland","CI":"C\u00f4te d'Ivoire","CK":"Cook Islands","CL":"Chile","CM":"Cameroon","CN":"Tsina","CO":"Colombia","CR":"Costa Rica","CS":"Serbia at Montenegro","CU":"Cuba","CV":"Cape Verde","CX":"Christmas Island","CY":"Cyprus","CZ":"Czech Republic","DE":"Alemaya","DJ":"Djibouti","DK":"Denmark","DM":"Dominica","DO":"Dominican Republic","DZ":"Algeria","EC":"Ecuador","EE":"Estonia","EG":"Ehipto","EH":"Western Sahara","ER":"Eritrea","ES":"Espanya","ET":"Ethiopia","FI":"Finland","FJ":"Fiji","FK":"Falkland Islands","FM":"Micronesia","FO":"Faroe Islands","FR":"Pranses","GA":"Gabon","GB":"United Kingdom","GE":"Georgia","GF":"French Guiana","GG":"Guernsey","GH":"Ghana","GL":"Greenland","GM":"Gambia","GN":"Guinea","GQ":"Equatorial Guinea","GR":"Griyego","GS":"South Georgia and the South Sandwich Islands","GW":"Guinea-Bissau","HK":"Hong Kong SAR China","HM":"Heard Island and McDonald Islands","HN":"Honduras","HR":"Croatia","HT":"Haiti","HU":"Hungary","ID":"Indonesia","IE":"Ireland","IL":"Israel","IM":"Isle of Man","IN":"India","IO":"British Indian Ocean Territory","IQ":"Iraq","IR":"Iran","IS":"Iceland","IT":"Italya","JE":"Jersey","JO":"Jordan","JP":"Japan","KE":"Kenya","KG":"Kyrgyzstan","KH":"Cambodia","KI":"Kiribati","KM":"Comoros","KN":"Saint Kitts and Nevis","KP":"Hilagang Korea","KR":"Timog Korea","KY":"Cayman Islands","KZ":"Kazakhstan","LA":"Laos","LB":"Lebanon","LC":"Saint Lucia","LI":"Liechtenstein","LK":"Sri Lanka","LR":"Liberia","LS":"Lesotho","LT":"Lithuania","LV":"Latvia","LY":"Libya","MA":"Morocco","MD":"Moldova","ME":"Montenegro","MG":"Madagascar","MH":"Marshall Islands","MK":"Macedonia","ML":"Mali","MM":"Myanmar","MN":"Mongolia","MO":"Macao","MP":"Northern Mariana Islands","MR":"Mauritania","MW":"Malawi","MX":"Mehiko","MY":"Malaysia","MZ":"Mozambique","NA":"Namibia","NC":"New Caledonia","NE":"Niger","NF":"Norfolk Island","NG":"Nigeria","NI":"Nicaragua","NL":"Netherlands","NO":"Norway","NP":"Nepal","NZ":"New Zealand","OM":"Oman","PE":"Peru","PF":"French Polynesia","PG":"Papua New Guinea","PH":"Pilipinas","PK":"Pakistan","PL":"Poland","PM":"Saint Pierre at Miquelon","PS":"Palestine","PT":"Portugal","PY":"Paraguay","RO":"Romania","RS":"Serbia","RU":"Russia","RW":"Rwanda","SA":"Saudi Arabya","SB":"Solomon Islands","SC":"Seychelles","SD":"Sudan","SE":"Sweden","SH":"Saint Helena","SI":"Slovenia","SJ":"Svalbard and Jan Mayen","SK":"Slovakia","SL":"Sierra Leone","SM":"San Marino","SN":"Senegal","SO":"Somalia","SR":"Suriname","ST":"Sao Tome and Principe","SV":"El Salvador","SY":"Syria","SZ":"Swaziland","TC":"Turks and Caicos Islands","TD":"Chad","TF":"French Southern Territories","TG":"Togo","TH":"Thailand","TJ":"Tajikistan","TK":"Tokelau","TL":"East Timor","TM":"Turkmenistan","TN":"Tunisia","TO":"Tonga","TR":"Turkey","TT":"Trinidad and Tobago","TV":"Tuvalu","TW":"Taiwan","TZ":"Tanzania","UA":"Ukraine","UG":"Uganda","UM":"United States minor outlying islands","US":"United States","UY":"Uruguay","UZ":"Uzbekistan","VA":"Vatican City","VC":"Saint Vincent and the Grenadines","VE":"Venezuela","VG":"British Virgin Islands","VI":"U.S. Virgin Islands","VN":"Vietnam","VU":"Vanuatu","WF":"Wallis and Futuna","WS":"Samoa","YE":"Yemen","ZA":"Timog Afrika","ZM":"Zambia","ZW":"Zimbabwe","ZZ":"Hindi kilala o Hindi wastong Rehiyon"}