{"AD":"Andorra","AE":"Emirati G\u0127arab Maqg\u0127uda","AF":"Afganistan","AG":"Antigua and Barbuda","AI":"Angwilla","AL":"Albanija","AM":"Armenja","AN":"Antilles Olandi\u017ci","AO":"Angola","AQ":"Antartika","AR":"Ar\u0121entina","AS":"Samoa Amerikana","AT":"Awstrija","AU":"Awstralja","AW":"Aruba","AX":"G\u017cejjer Aland","AZ":"A\u017cerbaj\u0121an","BA":"Bo\u017cnija \u0126er\u017cegovina","BB":"Barbados","BD":"Bangladexx","BE":"Bel\u0121ju","BF":"Burkina Faso","BG":"Bulgarija","BH":"Ba\u0127rajn","BI":"Burundi","BJ":"Benin","BM":"Bermuda","BN":"Brunej","BO":"Bolivja","BR":"Bra\u017cil","BS":"Ba\u0127amas","BT":"Butan","BV":"Bouvet Island","BW":"Botswana","BY":"Bjelorussja","BZ":"Beli\u017ce","CA":"Kanada","CC":"Cocos (Keeling) Islands","CD":"Democratic Republic of the Congo","CF":"Repubblika Afrikana \u010aentrali","CG":"Kongo","CH":"Svizzera","CI":"Kosta ta\u2019 l-Avorju","CK":"Cook Islands","CL":"\u010aili","CM":"Kamerun","CN":"\u010aina","CO":"Kolumbja","CR":"Kosta Rika","CS":"Serbja u Montenegro","CU":"Kuba","CV":"Kape Verde","CX":"Christmas Island","CY":"\u010aipru","CZ":"Repubblika \u010aeka","DE":"\u0120ermanja","DJ":"\u0120ibuti","DK":"Danimarka","DM":"Dominika","DO":"Republikka Domenikana","DZ":"Al\u0121erija","EC":"Ekwador","EE":"Estonja","EG":"E\u0121ittu","EH":"Sahara tal-Punent","ER":"Eritreja","ES":"Spanja","ET":"Etijopja","FI":"Finlandja","FJ":"Fi\u0121i","FK":"Falkland Islands","FM":"Mikronesja","FO":"G\u017cejjer Faroe","FR":"Franza","GA":"Gabon","GB":"Ingilterra","GD":"Grenada","GE":"\u0120or\u0121ja","GF":"Gujana Fran\u010bi\u017ca","GH":"Gana","GI":"Gibraltar","GL":"Grinlandja","GM":"Gambja","GN":"Gineja","GP":"Gwadelupe","GQ":"Ginea Ekwatorjali","GR":"Gre\u010bja","GS":"South Georgia and the South Sandwich Islands","GT":"Gwatemala","GU":"Gwam","GW":"Ginea-Bissaw","GY":"Gujana","HK":"\u0126ong Kong S.A.R., \u010aina","HM":"Heard Island and McDonald Islands","HN":"\u0126onduras","HR":"Kroazja","HT":"\u0126aiti","HU":"Ungerija","ID":"Indone\u017cja","IE":"Irlanda","IL":"I\u017crael","IM":"Isle of Man","IN":"Indja","IO":"British Indian Ocean Territory","IQ":"Iraq","IR":"Iran","IS":"Islanda","IT":"Italja","JM":"\u0120amajka","JO":"\u0120ordan","JP":"\u0120appun","KE":"Kenja","KG":"Kirgistan","KH":"Kambodja","KI":"Kiribati","KM":"Komoros","KN":"Saint Kitts and Nevis","KP":"Koreja ta\u2019 Fuq","KR":"Koreja t\u2019Isfel","KW":"Kuwajt","KY":"G\u017cejjer Kajmani","KZ":"Ka\u017cakstan","LA":"Laos","LB":"Libanu","LC":"Santa Lu\u010bija","LI":"Liechtenstein","LK":"Sri Lanka","LR":"Liberja","LS":"Lesoto","LT":"Litwanja","LU":"Lussemburgu","LV":"Latvja","LY":"Libja","MA":"Marokk","MC":"Monako","MD":"Maldova","MG":"Madagaskar","MH":"G\u017cejjer ta\u2019 Marshall","MK":"Ma\u010bedonja","ML":"Mali","MM":"Mjanmar","MN":"Mongolja","MO":"Macao S.A.R., China","MP":"G\u017cejjer Marjana ta\u2019 Fuq","MQ":"Martinik","MR":"Mawritanja","MS":"Montserrat","MT":"Malta","MU":"Mawrizju","MV":"Maldives","MW":"Malawi","MX":"Messiku","MY":"Malasja","MZ":"Mo\u017cambik","NA":"Namibja","NC":"New Caledonia","NE":"Ni\u0121er","NF":"Norfolk Island","NG":"Ni\u0121erja","NI":"Nikaragwa","NL":"Olanda","NO":"Norve\u0121ja","NP":"Nepal","NR":"Nauru","NU":"Niue","NZ":"New Zealand","OM":"Oman","PA":"Panama","PE":"Peru","PF":"Polinesja Fran\u010bi\u017ca","PG":"Papwa-Ginea \u0120dida","PH":"Filippini","PK":"Pakistan","PL":"Polonja","PM":"Saint Pierre and Miquelon","PN":"Pitcairn","PR":"Puerto Rico","PS":"Palestinian Territory","PT":"Portugall","PW":"Palau","PY":"Paragwaj","QA":"Qatar","RE":"R\u00e9union","RO":"Rumanija","RU":"Russja","RW":"Rwanda","SA":"G\u0127arabja Sawdita","SB":"Solomon Islands","SC":"Seychelles","SD":"Sudan","SE":"\u017bvezja","SG":"Singapor","SH":"Saint Helena","SI":"Slovenja","SJ":"Svalbard and Jan Mayen","SK":"Slovakkja","SL":"Sierra Leone","SM":"San Marino","SN":"Senegal","SO":"Somalja","SR":"Surinam","ST":"Sao Tome and Principe","SV":"El Salvador","SY":"Sirja","SZ":"Swa\u017ciland","TC":"Turks and Caicos Islands","TD":"\u010aad","TF":"Territorji Fran\u010bi\u017ci ta\u2019 Nofsinhar","TG":"Togo","TH":"Tajlandja","TJ":"Ta\u0121ikistan","TK":"Tokelaw","TL":"Timor tal-Lvant","TM":"Turkmenistan","TN":"Tune\u017c","TO":"Tonga","TR":"Turkija","TT":"Trinidad u Tobago","TV":"Tuvalu","TW":"Tajwan","TZ":"Tan\u017canija","UA":"Ukraina","UG":"Uganda","UM":"United States Minor Outlying Islands","US":"Stati Uniti","UY":"Urugwaj","UZ":"U\u017cbekistan","VA":"Vatikan","VC":"Saint Vincent and the Grenadines","VE":"Venezwela","VG":"British Virgin Islands","VI":"U.S. Virgin Islands","VN":"Vjetnam","VU":"Vanwatu","WF":"Wallis and Futuna","WS":"Samoa","YE":"Jemen","YT":"Majotte","ZA":"Afrika t\u2019Isfel","ZM":"\u017bambja","ZW":"\u017bimbabwe","ZZ":"Re\u0121jun Mhux Mag\u0127ruf jew Mhux Validu"}