{"AD":"Andorra","AE":"Verenigde Arabische Emiraten","AF":"Afghanistan","AG":"Antigua en Barbuda","AI":"Anguilla","AL":"Albani\u00eb","AM":"Armeni\u00eb","AN":"Nederlandse Antillen","AO":"Angola","AQ":"Antarctica","AR":"Argentini\u00eb","AS":"Amerikaans Samoa","AT":"Oostenrijk","AU":"Australi\u00eb","AW":"Aruba","AX":"Alandeilanden","AZ":"Azerbeidzjan","BA":"Bosni\u00eb en Herzegovina","BB":"Barbados","BD":"Bangladesh","BE":"Belgi\u00eb","BF":"Burkina Faso","BG":"Bulgarije","BH":"Bahrein","BI":"Burundi","BJ":"Benin","BL":"Saint Barth\u00e9lemy","BM":"Bermuda","BN":"Brunei","BO":"Bolivia","BR":"Brazili\u00eb","BS":"Bahama\u2019s","BT":"Bhutan","BV":"Bouveteiland","BW":"Botswana","BY":"Wit-Rusland","BZ":"Belize","CA":"Canada","CC":"Cocoseilanden","CD":"Congo-Kinshasa","CF":"Centraal-Afrikaanse Republiek","CG":"Congo","CH":"Zwitserland","CI":"Ivoorkust","CK":"Cookeilanden","CL":"Chili","CM":"Kameroen","CN":"China","CO":"Colombia","CR":"Costa Rica","CS":"Servi\u00eb en Montenegro","CU":"Cuba","CV":"Kaapverdi\u00eb","CX":"Christmaseiland","CY":"Cyprus","CZ":"Tsjechi\u00eb","DE":"Duitsland","DJ":"Djibouti","DK":"Denemarken","DM":"Dominica","DO":"Dominicaanse Republiek","DZ":"Algerije","EC":"Ecuador","EE":"Estland","EG":"Egypte","EH":"Westelijke Sahara","ER":"Eritrea","ES":"Spanje","ET":"Ethiopi\u00eb","FI":"Finland","FJ":"Fiji","FK":"Falklandeilanden","FM":"Micronesi\u00eb","FO":"Faer\u00f6er","FR":"Frankrijk","GA":"Gabon","GB":"Verenigd Koninkrijk","GD":"Grenada","GE":"Georgi\u00eb","GF":"Frans-Guyana","GG":"Guernsey","GH":"Ghana","GI":"Gibraltar","GL":"Groenland","GM":"Gambia","GN":"Guinee","GP":"Guadeloupe","GQ":"Equatoriaal-Guinea","GR":"Griekenland","GS":"Zuid-Georgi\u00eb en Zuidelijke Sandwicheilanden","GT":"Guatemala","GU":"Guam","GW":"Guinee-Bissau","GY":"Guyana","HK":"Hongkong SAR van China","HM":"Heard- en McDonaldeilanden","HN":"Honduras","HR":"Kroati\u00eb","HT":"Ha\u00efti","HU":"Hongarije","ID":"Indonesi\u00eb","IE":"Ierland","IL":"Isra\u00ebl","IM":"Isle of Man","IN":"India","IO":"Britse Gebieden in de Indische Oceaan","IQ":"Irak","IR":"Iran","IS":"IJsland","IT":"Itali\u00eb","JE":"Jersey","JM":"Jamaica","JO":"Jordani\u00eb","JP":"Japan","KE":"Kenia","KG":"Kirgizi\u00eb","KH":"Cambodja","KI":"Kiribati","KM":"Comoren","KN":"Saint Kitts en Nevis","KP":"Noord-Korea","KR":"Zuid-Korea","KW":"Koeweit","KY":"Caymaneilanden","KZ":"Kazachstan","LA":"Laos","LB":"Libanon","LC":"Saint Lucia","LI":"Liechtenstein","LK":"Sri Lanka","LR":"Liberia","LS":"Lesotho","LT":"Litouwen","LU":"Luxemburg","LV":"Letland","LY":"Libi\u00eb","MA":"Marokko","MC":"Monaco","MD":"Moldavi\u00eb","ME":"Montenegro","MF":"Sint-Maarten","MG":"Madagaskar","MH":"Marshalleilanden","MK":"Macedoni\u00eb","ML":"Mali","MM":"Myanmar","MN":"Mongoli\u00eb","MO":"Macao SAR van China","MP":"Noordelijke Marianeneilanden","MQ":"Martinique","MR":"Mauritani\u00eb","MS":"Montserrat","MT":"Malta","MU":"Mauritius","MV":"Maldiven","MW":"Malawi","MX":"Mexico","MY":"Maleisi\u00eb","MZ":"Mozambique","NA":"Namibi\u00eb","NC":"Nieuw-Caledoni\u00eb","NE":"Niger","NF":"Norfolkeiland","NG":"Nigeria","NI":"Nicaragua","NL":"Nederland","NO":"Noorwegen","NP":"Nepal","NR":"Nauru","NU":"Niue","NZ":"Nieuw-Zeeland","OM":"Oman","PA":"Panama","PE":"Peru","PF":"Frans-Polynesi\u00eb","PG":"Papoea-Nieuw-Guinea","PH":"Filipijnen","PK":"Pakistan","PL":"Polen","PM":"Saint Pierre en Miquelon","PN":"Pitcairn","PR":"Puerto Rico","PS":"Palestijns Gebied","PT":"Portugal","PW":"Palau","PY":"Paraguay","QA":"Qatar","RE":"R\u00e9union","RO":"Roemeni\u00eb","RS":"Servi\u00eb","RU":"Rusland","RW":"Rwanda","SA":"Saoedi-Arabi\u00eb","SB":"Salomonseilanden","SC":"Seychellen","SD":"Soedan","SE":"Zweden","SG":"Singapore","SH":"Sint-Helena","SI":"Sloveni\u00eb","SJ":"Svalbard en Jan Mayen","SK":"Slowakije","SL":"Sierra Leone","SM":"San Marino","SN":"Senegal","SO":"Somali\u00eb","SR":"Suriname","ST":"Sao Tom\u00e9 en Principe","SV":"El Salvador","SY":"Syri\u00eb","SZ":"Swaziland","TC":"Turks- en Caicoseilanden","TD":"Tsjaad","TF":"Franse Gebieden in de zuidelijke Indische Oceaan","TG":"Togo","TH":"Thailand","TJ":"Tadzjikistan","TK":"Tokelau","TL":"Oost-Timor","TM":"Turkmenistan","TN":"Tunesi\u00eb","TO":"Tonga","TR":"Turkije","TT":"Trinidad en Tobago","TV":"Tuvalu","TW":"Taiwan","TZ":"Tanzania","UA":"Oekra\u00efne","UG":"Oeganda","UM":"Amerikaanse kleinere afgelegen eilanden","US":"Verenigde Staten","UY":"Uruguay","UZ":"Oezbekistan","VA":"Vaticaanstad","VC":"Saint Vincent en de Grenadines","VE":"Venezuela","VG":"Britse Maagdeneilanden","VI":"Amerikaanse Maagdeneilanden","VN":"Vietnam","VU":"Vanuatu","WF":"Wallis en Futuna","WS":"Samoa","YE":"Jemen","YT":"Mayotte","ZA":"Zuid-Afrika","ZM":"Zambia","ZW":"Zimbabwe","ZZ":"Onbekend of onjuist gebied"}