{"AD":"Andorra","AE":"Dei sameinte arabiske emirata","AF":"Afghanistan","AG":"Antigua og Barbuda","AI":"Anguilla","AL":"Albania","AM":"Armenia","AN":"Dei nederlandske Antillane","AO":"Angola","AQ":"Antarktis","AR":"Argentina","AS":"Amerikansk Samoa","AT":"Austerrike","AU":"Australia","AW":"Aruba","AX":"\u00c5land","AZ":"Aserbajdsjan","BA":"Bosnia og Hercegovina","BB":"Barbados","BD":"Bangladesh","BE":"Belgia","BF":"Burkina Faso","BG":"Bulgaria","BH":"Bahrain","BI":"Burundi","BJ":"Benin","BL":"Saint Barth\u00e9lemy","BM":"Bermuda","BN":"Brunei Darussalam","BO":"Bolivia","BR":"Brasil","BS":"Bahamas","BT":"Bhutan","BV":"Bouvet\u00f8ya","BW":"Botswana","BY":"Kviterussland","BZ":"Belize","CA":"Canada","CC":"Kokos\u00f8yane","CD":"Kongo-Kinshasa","CF":"Den sentralafrikanske republikken","CG":"Kongo-Brazzaville","CH":"Sveits","CI":"Elfenbeinskysten","CK":"Cook\u00f8yane","CL":"Chile","CM":"Kamerun","CN":"Kina","CO":"Colombia","CR":"Costa Rica","CS":"Serbia og Montenegro","CU":"Cuba","CV":"Kapp Verde","CX":"Christmas\u00f8ya","CY":"Kypros","CZ":"Tsjekkia","DE":"Tyskland","DJ":"Djibouti","DK":"Danmark","DM":"Dominica","DO":"Den dominikanske republikken","DZ":"Algerie","EC":"Ecuador","EE":"Estland","EG":"Egypt","EH":"Vest-Sahara","ER":"Eritrea","ES":"Spania","ET":"Etiopia","FI":"Finland","FJ":"Fiji","FK":"Falklands\u00f8yane","FM":"Mikronesiaf\u00f8derasjonen","FO":"F\u00e6r\u00f8yane","FR":"Frankrike","GA":"Gabon","GB":"Storbritannia","GD":"Grenada","GE":"Georgia","GF":"Fransk Guyana","GG":"Guernsey","GH":"Ghana","GI":"Gibraltar","GL":"Gr\u00f8nland","GM":"Gambia","GN":"Guinea","GP":"Guadeloupe","GQ":"Ekvatorial-Guinea","GR":"Hellas","GS":"S\u00f8r-Georgia og S\u00f8r-Sandwich-\u00f8yane","GT":"Guatemala","GU":"Guam","GW":"Guinea-Bissau","GY":"Guyana","HK":"Hong Kong S.A.R. (Kina)","HM":"Heard- og McDonalds\u00f8yane","HN":"Honduras","HR":"Kroatia","HT":"Haiti","HU":"Ungarn","ID":"Indonesia","IE":"Irland","IL":"Israel","IM":"Man","IN":"India","IO":"Britiske omr\u00e5de i Det indiske hav","IQ":"Irak","IR":"Iran","IS":"Island","IT":"Italia","JE":"Jersey","JM":"Jamaica","JO":"Jordan","JP":"Japan","KE":"Kenya","KG":"Kirgisistan","KH":"Kambodsja","KI":"Kiribati","KM":"Komorene","KN":"St. Christopher og Nevis","KP":"Nord-Korea","KR":"S\u00f8r-Korea","KW":"Kuwait","KY":"Cayman\u00f8yane","KZ":"Kasakhstan","LA":"Laos","LB":"Libanon","LC":"St. Lucia","LI":"Liechtenstein","LK":"Sri Lanka","LR":"Liberia","LS":"Lesotho","LT":"Litauen","LU":"Luxembourg","LV":"Latvia","LY":"Libya","MA":"Marokko","MC":"Monaco","MD":"Moldova","ME":"Montenegro","MF":"Saint Martin","MG":"Madagaskar","MH":"Marshall\u00f8yane","MK":"Makedonia","ML":"Mali","MM":"Myanmar","MN":"Mongolia","MO":"Macao S.A.R. (Kina)","MP":"Nord-Marianane","MQ":"Martinique","MR":"Mauritania","MS":"Montserrat","MT":"Malta","MU":"Mauritius","MV":"Maldivane","MW":"Malawi","MX":"Mexico","MY":"Malaysia","MZ":"Mosambik","NA":"Namibia","NC":"Ny-Caledonia","NE":"Niger","NF":"Norfolk\u00f8yane","NG":"Nigeria","NI":"Nicaragua","NL":"Nederland","NO":"Noreg","NP":"Nepal","NR":"Nauru","NU":"Niue","NZ":"New Zealand","OM":"Oman","PA":"Panama","PE":"Peru","PF":"Fransk Polynesia","PG":"Papua Ny-Guinea","PH":"Filippinane","PK":"Pakistan","PL":"Polen","PM":"St. Pierre og Miquelon","PN":"Pitcairn","PR":"Puerto Rico","PS":"Palestinsk territorium","PT":"Portugal","PW":"Palau","PY":"Paraguay","QA":"Qatar","RE":"R\u00e9union","RO":"Romania","RS":"Serbia","RU":"Russland","RW":"Rwanda","SA":"Saudi Arabia","SB":"Salomon\u00f8yane","SC":"Seychellane","SD":"Sudan","SE":"Sverige","SG":"Singapore","SH":"Saint Helena","SI":"Slovenia","SJ":"Svalbard og Jan Mayen","SK":"Slovakia","SL":"Sierra Leone","SM":"San Marino","SN":"Senegal","SO":"Somalia","SR":"Surinam","ST":"S\u00e3o Tom\u00e9 og Pr\u00edncipe","SV":"El Salvador","SY":"Syria","SZ":"Swaziland","TC":"Turks- og Caicos\u00f8yane","TD":"Tchad","TF":"Franske s\u00f8romr\u00e5de","TG":"Togo","TH":"Thailand","TJ":"Tadsjikistan","TK":"Tokelau","TL":"Aust-Timor","TM":"Turkmenistan","TN":"Tunisia","TO":"Tonga","TR":"Tyrkia","TT":"Trinidad og Tobago","TV":"Tuvalu","TW":"Taiwan","TZ":"Tanzania","UA":"Ukraina","UG":"Uganda","UM":"USAs ytre sm\u00e5\u00f8yar","US":"USA","UY":"Uruguay","UZ":"Usbekistan","VA":"Vatikanstaten","VC":"St. Vincent og Grenadinane","VE":"Venezuela","VG":"Jomfru\u00f8yane (britisk)","VI":"Jomfru\u00f8yane (USA)","VN":"Vietnam","VU":"Vanuatu","WF":"Wallis og Futuna","WS":"Samoa","YE":"Yemen","YT":"Mayotte","ZA":"S\u00f8r-Afrika","ZM":"Zambia","ZW":"Zimbabwe","ZZ":"(ukjent eller ugyldig omr\u00e5de)"}