{"AD":"Andorra","AE":"Sameindu Emirr\u00edkini","AF":"Afganistan","AG":"Antigua og Barbuda","AI":"Anguilla","AL":"Albania","AM":"Armenia","AN":"Ni\u00f0urlendsku Antilloyggjar","AO":"Angola","AQ":"Antarktis","AR":"Argentina","AS":"Amerikanska S\u00e1moa","AT":"Eysturr\u00edki","AU":"Avstralia","AW":"Aruba","AX":"\u00c1land","AZ":"Aserbajdsjan","BA":"Bosnia-Hersegovina","BB":"Barbados","BD":"Bangladesj","BE":"Belgia","BF":"Burkina Faso","BG":"Bulgaria","BH":"Bahrain","BI":"Burundi","BJ":"Benin","BL":"Saint Barth\u00e9lemy","BM":"Bermuda","BN":"Brunei","BO":"Bolivia","BR":"Brasilia","BS":"Bahamas","BT":"Butan","BV":"Bouvetoy","BW":"Botsvana","BY":"Hv\u00edtarussland","BZ":"Belis","CA":"Kanada","CC":"Kokosoyggjar","CD":"Kongo-Kinshasa","CF":"Mi\u00f0afrikal\u00fd\u00f0veldi\u00f0","CG":"Kongo","CH":"Sveis","CI":"F\u00edlabeinsstrondin","CK":"Cooksoyggjar","CL":"Kili","CM":"Kamerun","CN":"Kina","CO":"Kolombia","CR":"Kosta Rika","CU":"Kuba","CV":"Gr\u00f8nh\u00f8vdaoyggjarnar","CX":"J\u00f3laoyggjin","CY":"K\u00fdpros","CZ":"Kekkia","DE":"T\u00fdskland","DJ":"Djibouti","DK":"Danm\u00f8rk","DM":"Dominika","DO":"Domingo l\u00fd\u00f0veldi\u00f0","DZ":"Algeria","EC":"Ekvador","EE":"Estland","EG":"Egyptaland","EH":"Vestursahara","ER":"Eritrea","ES":"Spania","ET":"Etiopia","FI":"Finnland","FJ":"Fiji","FK":"Falklandsoyggjar","FM":"Mikronesia","FO":"F\u00f8royar","FR":"Frakland","GA":"Gabon","GB":"St\u00f3ra Bretland","GD":"Grenada","GE":"Georgia","GF":"Fransk Gujana","GG":"Guernsey","GH":"Ghana","GI":"Gibraltar","GL":"Gr\u00f8nland","GM":"Gambia","GN":"Guinea","GP":"Guadeloupe","GQ":"Ekvator Guinea","GR":"Grikkaland","GS":"Su\u00f0urgeorgia","GT":"Guatemala","GU":"Guam","GW":"Guinea Bissau","GY":"Gujana","HK":"Hongkong","HM":"Heard- og McDonald-oyggjar","HN":"Honduras","HR":"Kroatia","HT":"Haiti","HU":"Ungarn","ID":"Indonesia","IE":"\u00cdrland","IL":"\u00cdsrael","IM":"Mann","IN":"India","IO":"Bretsku Indiahavsoyggjar","IQ":"Irak","IR":"Iran","IS":"\u00cdsland","IT":"Italia","JE":"Jersey","JM":"Jameika","JO":"Jordan","JP":"Japan","KE":"Kenja","KG":"Kirgisia","KH":"Kambodja","KI":"Kiribati","KM":"Komorooyggjarnar","KN":"Saint Kitts og Nevis","KP":"Nor\u00f0ur-Korea","KR":"Su\u00f0ur-Korea","KW":"Kuvait","KY":"Caymanoyggjar","KZ":"Kasakstan","LA":"Laos","LB":"Libanon","LC":"Saint Lusia","LI":"Liktenstein","LK":"Sri Lanka","LR":"Liberia","LS":"Lesoto","LT":"Litava","LU":"Luksemborg","LV":"Lettland","LY":"Libya","MA":"Marokko","MC":"Monako","MD":"Moldova","ME":"Montenegro","MF":"Saint Martin","MG":"Madagaskar","MH":"Marshalloyggjarnar","MK":"Maked\u00f3nia","ML":"Mali","MM":"Burma","MN":"Mongolia","MO":"Makao","MP":"Nor\u00f0urmarianoyggjar","MQ":"Martinique","MR":"M\u00f3ritania","MS":"Montserrat","MT":"Malta","MU":"M\u00f3ritius","MV":"Maldivuoyggjarnar","MW":"Malavi","MX":"Meksiko","MY":"Maleisia","MZ":"Mosambik","NA":"Namibia","NC":"N\u00fd-Kaledonia","NE":"Niger","NF":"Norfolkoy","NG":"Nigeria","NI":"Nikaragua","NL":"Ni\u00f0urlond","NO":"Noreg","NP":"Nepal","NR":"Nauru","NU":"Niue","NZ":"N\u00fd S\u00e6land","OM":"Oman","PA":"Panama","PE":"Per\u00fa","PF":"Franska Polynesia","PG":"Papua N\u00fdguinea","PH":"Filipsoyggjar","PK":"Pakistan","PL":"P\u00f3lland","PM":"Saint-Pierre og Miquelon","PN":"Pitcairn","PR":"Puerto Rico","PS":"Palestinskt territorium","PT":"Portugal","PW":"Palau","PY":"Paraguei","QA":"Katar","RE":"R\u00e9union","RO":"Rumenia","RS":"Serbia","RU":"Russland","RW":"Ruanda","SA":"Saudi-Ar\u00e1bia","SB":"S\u00e1lomonoyggjarnar","SC":"Seyskelloyggjarnar","SD":"Sudan","SE":"Sv\u00f8r\u00edki","SG":"Singapor","SH":"Saint Helena","SI":"Slovenia","SJ":"Svalbard og Jan Mayen","SK":"Slovakia","SL":"Sierra Leone","SM":"San Marino","SN":"Senegal","SO":"Somalia","SR":"Surinam","ST":"Sao Tome og Prinsipi","SV":"El Salvador","SY":"Syria","SZ":"Svasiland","TC":"Turks- og Caicosoyggjar","TD":"Kjad","TG":"Togo","TH":"Teiland","TJ":"Tadsjikistan","TK":"Tokelau","TL":"Eystur Timor","TM":"Turkmenistan","TN":"Tunesia","TO":"Tonga","TR":"Turkaland","TT":"Trinidad og Tobago","TV":"Tuvalu","TW":"Teivan","TZ":"Tansania","UA":"Ukreina","UG":"Uganda","US":"Sambandsr\u00edki Amerika","UY":"Uruguei","UZ":"Usbekistan","VA":"Vatikan","VC":"Saint Vinsent og Grenadinoyggjar","VE":"Venesuela","VG":"St\u00f3ra Bretlands J\u00f3mfr\u00faoyggjar","VI":"Sambandsr\u00edki Amerikas J\u00f3mfr\u00faoyggjar","VN":"Vietnam","VU":"Vanuatu","WF":"Wallis og Futuna","WS":"S\u00e1moa","YE":"Jemen","YT":"Mayotte","ZA":"Su\u00f0urafrika","ZM":"Sambia","ZW":"Simbabvi"}