{"AD":"Andora","AE":"Ujedinjeni Arapski Emirati","AF":"Afganistan","AG":"Antigua i Barbuda","AI":"Anguila","AL":"Albanija","AM":"Armenija","AN":"Nizozemski Antili","AO":"Angola","AQ":"Antarktik","AR":"Argentina","AS":"Ameri\u010dka Samoa","AT":"Austrija","AU":"Australija","AW":"Aruba","AX":"Alandski otoci","AZ":"Azerbajd\u017ean","BA":"Bosna i Hercegovina","BB":"Barbados","BD":"Banglade\u0161","BE":"Belgija","BF":"Burkina Faso","BG":"Bugarska","BH":"Bahrein","BI":"Burundi","BJ":"Benin","BL":"Sveti Bartolomej","BM":"Bermuda","BN":"Brunej","BO":"Bolivija","BR":"Brazil","BS":"Bahami","BT":"Butan","BV":"Otok Bouvet","BW":"Bocvana","BY":"Bjelorusija","BZ":"Belize","CA":"Kanada","CC":"Kokosovi Otoci","CD":"Demokratska Republika Kongo","CF":"Srednjoafri\u010dka Republika","CG":"Kongo","CH":"\u0160vicarska","CI":"Obala Bjelokosti","CK":"Kukovi Otoci","CL":"\u010cile","CM":"Kamerun","CN":"Kina","CO":"Kolumbija","CR":"Kostarika","CS":"Srbija i Crna Gora","CU":"Kuba","CV":"Zeleni Rt","CX":"Bo\u017ei\u0107ni Otok","CY":"Cipar","CZ":"\u010ce\u0161ka Republika","DE":"Njema\u010dka","DJ":"D\u017eibuti","DK":"Danska","DM":"Dominika","DO":"Dominikanska Republika","DZ":"Al\u017eir","EC":"Ekvador","EE":"Estonija","EG":"Egipat","EH":"Zapadna Sahara","ER":"Eritreja","ES":"\u0160panjolska","ET":"Etiopija","FI":"Finska","FJ":"Fid\u017ei","FK":"Falklandski Otoci","FM":"Mikronezija","FO":"Farski Otoci","FR":"Francuska","GA":"Gabon","GB":"Velika Britanija","GD":"Grenada","GE":"Gruzija","GF":"Francuska Gvajana","GG":"Guernsey","GH":"Gana","GI":"Gibraltar","GL":"Grenland","GM":"Gambija","GN":"Gvineja","GP":"Guadeloupe","GQ":"Ekvatorska Gvineja","GR":"Gr\u010dka","GS":"Ju\u017ena Gruzija i Ju\u017eni Sendvi\u010d Otoci","GT":"Gvatemala","GU":"Guam","GW":"Gvineja Bisau","GY":"Gvajana","HK":"Hong Kong S.A.R. Kine","HM":"Otok Heard i Otoci McDonald","HN":"Honduras","HR":"Hrvatska","HT":"Haiti","HU":"Ma\u0111arska","ID":"Indonezija","IE":"Irska","IL":"Izrael","IM":"Otok Man","IN":"Indija","IO":"Britanski Teritorij Indijskog Oceana","IQ":"Irak","IR":"Iran","IS":"Island","IT":"Italija","JE":"Jersey","JM":"Jamajka","JO":"Jordan","JP":"Japan","KE":"Kenija","KG":"Kirgistan","KH":"Kambod\u017ea","KI":"Kiribati","KM":"Komori","KN":"Sveti Kristofor i Nevis","KP":"Koreja, Sjeverna","KR":"Ju\u017ena Koreja","KW":"Kuvajt","KY":"Kajmanski Otoci","KZ":"Kazakstan","LA":"Laos","LB":"Libanon","LC":"Sveta Lucija","LI":"Lihten\u0161tajn","LK":"\u0160ri Lanka","LR":"Liberija","LS":"Lesoto","LT":"Litva","LU":"Luksemburg","LV":"Latvija","LY":"Libijska Arapska D\u017eamahirija","MA":"Maroko","MC":"Monako","MD":"Moldavija","ME":"Crna Gora","MF":"Sveti Martin","MG":"Madagaskar","MH":"Mar\u0161alovi Otoci","MK":"Biv\u0161a Jugoslavenska Republika Makedonija","ML":"Mali","MM":"Mijanma","MN":"Mongolija","MO":"Makao S.A.R. Kine","MP":"Sjeverni Marijanski Otoci","MQ":"Martinik","MR":"Mauritanija","MS":"Montserat","MT":"Malta","MU":"Mauricijus","MV":"Maldivi","MW":"Malavi","MX":"Meksiko","MY":"Malezija","MZ":"Mozambik","NA":"Namibija","NC":"Nova Kaledonija","NE":"Niger","NF":"Otok Norfolk","NG":"Nigerija","NI":"Nikaragva","NL":"Nizozemska","NO":"Norve\u0161ka","NP":"Nepal","NR":"Nauru","NU":"Niue","NZ":"Novi Zeland","OM":"Oman","PA":"Panama","PE":"Peru","PF":"Francuska Polinezija","PG":"Papua Nova Gvineja","PH":"Filipini","PK":"Pakistan","PL":"Poljska","PM":"Sveti Petar i Miguel","PN":"Pitcairn","PR":"Portoriko","PS":"Palestinsko Podru\u010dje","PT":"Portugal","PW":"Palau","PY":"Paragvaj","QA":"Katar","RE":"Reunion","RO":"Rumunjska","RS":"Srbija","RU":"Rusija","RW":"Ruanda","SA":"Saudijska Arabija","SB":"Solomonski Otoci","SC":"Sej\u0161eli","SD":"Sudan","SE":"\u0160vedska","SG":"Singapur","SH":"Sveta Helena","SI":"Slovenija","SJ":"Svalbard i Jan Mayen","SK":"Slova\u010dka","SL":"Sijera Leone","SM":"San Marino","SN":"Senegal","SO":"Somalija","SR":"Surinam","ST":"Sveti Toma i Prinsipe","SV":"El Salvador","SY":"Sirija","SZ":"Svazi","TC":"Turkski i Kaikos Otoci","TD":"\u010cad","TF":"Francuski Ju\u017eni Teritoriji","TG":"Togo","TH":"Tajland","TJ":"Tad\u017eikistan","TK":"Tokelau","TL":"Isto\u010dni Timor","TM":"Turkmenistan","TN":"Tunis","TO":"Tonga","TR":"Turska","TT":"Trinidad i Tobago","TV":"Tuvalu","TW":"Tajvan","TZ":"Tanzanija","UA":"Ukrajina","UG":"Uganda","UM":"Ujedinjene Dr\u017eave Manjih Pacifi\u010dkih Otoka","US":"Sjedinjene Dr\u017eave","UY":"Urugvaj","UZ":"Uzbekistan","VA":"Grad Vatikan","VC":"Sveti Vincent i Grenadini","VE":"Venezuela","VG":"Britanski Djevi\u010danski Otoci","VI":"Ameri\u010dki Djevi\u010danski Otoci","VN":"Vijetnam","VU":"Vanuatu","WF":"Wallis i Futuna","WS":"Samoa","YE":"Jemen","YT":"Majote","ZA":"Ju\u017enoafri\u010dka Republika","ZM":"Zambija","ZW":"Zimbabve","ZZ":"nepoznata ili neva\u017ee\u0107a oblast"}