{"AE":"Emiratos Arabe Unite","AF":"Afghanistan","AG":"Antigua e Barbuda","AL":"Albania","AM":"Armenia","AN":"Antillas nederlandese","AO":"Angola","AQ":"Antarctica","AR":"Argentina","AS":"Samoa american","AT":"Austria","AU":"Australia","AZ":"Azerbaidzhan","BA":"Bosnia e Herzegovina","BD":"Bangladesh","BE":"Belgica","BF":"Burkina Faso","BG":"Bulgaria","BI":"Burundi","BJ":"Benin","BO":"Bolivia","BR":"Brasil","BS":"Bahamas","BT":"Bhutan","BV":"Insula de Bouvet","BW":"Botswana","BY":"Bielorussia","CA":"Canada","CF":"Republica African Central","CG":"Congo","CH":"Suissa","CK":"Insulas Cook","CL":"Chile","CM":"Camerun","CN":"China","CO":"Colombia","CU":"Cuba","CX":"Insula de Natal","CY":"Cypro","CZ":"Republica Tchec","DE":"Germania","DK":"Danmark","DO":"Republica Dominican","DZ":"Algeria","EC":"Ecuador","EE":"Estonia","EG":"Egypto","EH":"Sahara occidental","ER":"Eritrea","ES":"Espania","ET":"Ethiopia","FI":"Finlandia","FM":"Micronesia","FO":"Insulas Feroe","FR":"Francia","GA":"Gabon","GB":"Regno Unite","GE":"Georgia","GF":"Guyana francese","GH":"Ghana","GL":"Groenlandia","GM":"Gambia","GN":"Guinea","GQ":"Guinea equatorial","GR":"Grecia","GW":"Guinea-Bissau","HN":"Honduras","HR":"Croatia","HT":"Haiti","HU":"Hungaria","ID":"Indonesia","IE":"Irlanda","IL":"Israel","IN":"India","IO":"Territorio oceanic britanno-indian","IQ":"Irak","IR":"Iran","IS":"Islanda","IT":"Italia","JO":"Jordania","JP":"Japon","KE":"Kenya","KG":"Kirghizistan","KH":"Cambodgia","KI":"Kiribati","KM":"Comoros","KN":"Sancte Christophoro e Nevis","KP":"Corea del Nord","KR":"Corea del Sud","KY":"Insulas de Caiman","KZ":"Kazakhstan","LB":"Libano","LC":"Sancte Lucia","LI":"Liechtenstein","LK":"Sri Lanka","LR":"Liberia","LS":"Lesotho","LT":"Lituania","LV":"Lettonia","LY":"Libya","MA":"Marocco","MD":"Moldavia","MG":"Madagascar","MH":"Insulas Marshall","MK":"Macedonia","ML":"Mali","MM":"Birmania\/Myanmar","MN":"Mongolia","MP":"Insulas Marianna del Nord","MR":"Mauritania","MW":"Malawi","MX":"Mexico","MY":"Malaysia","MZ":"Mozambique","NA":"Namibia","NC":"Nove Caledonia","NE":"Niger","NF":"Insula Norfolk","NG":"Nigeria","NI":"Nicaragua","NL":"Nederlandia","NO":"Norvegia","NP":"Nepal","NZ":"Nove Zelanda","OM":"Oman","PE":"Peru","PF":"Polynesia francese","PG":"Papua Nove Guinea","PH":"Philippinas","PK":"Pakistan","PL":"Polonia","PT":"Portugal","PY":"Paraguay","RO":"Romania","RW":"Ruanda","SA":"Arabia Saudita","SB":"Insulas Solomon","SC":"Seychelles","SD":"Sudan","SE":"Svedia","SI":"Slovenia","SK":"Slovachia","SL":"Sierra Leone","SM":"San Marino","SN":"Senegal","SO":"Somalia","SR":"Suriname","SY":"Syria","SZ":"Swazilandia","TC":"Insulas Turcos e Caicos","TD":"Tchad","TF":"Territorios meridional francese","TG":"Togo","TH":"Thailandia","TJ":"Tadzhikistan","TK":"Tokelau","TL":"Timor del Est","TM":"Turkmenistan","TN":"Tunisia","TO":"tonga","TR":"Turchia","TT":"Trinidad e Tobago","TV":"Tuvalu","TW":"Taiwan","TZ":"Tanzania","UA":"Ukraina","UG":"Uganda","US":"Statos Unite","UY":"Uruguay","UZ":"Uzbekistan","VC":"Sancte Vincente e le Grenadinas","VE":"Venezuela","VU":"Vanuatu","WS":"Samoa","YE":"Yemen","ZA":"Africa del Sud","ZM":"Zambia","ZW":"Zimbabwe"}