{"AD":"Andoro","AE":"Unui\u011dintaj Arabaj Emirlandos","AF":"Afganujo","AG":"Antigvo-Barbudo","AI":"Angvilo","AL":"Albanujo","AM":"Armenujo","AN":"Nederlandaj Antiloj","AO":"Angolo","AQ":"Antarkto","AR":"Argentino","AT":"A\u016dstrujo","AU":"A\u016dstralio","AW":"Arubo","AZ":"Azerbaj\u011dano","BA":"Bosnio-Hercegovino","BB":"Barbado","BD":"Banglade\u015do","BE":"Belgujo","BF":"Burkino","BG":"Bulgarujo","BH":"Barejno","BI":"Burundo","BJ":"Benino","BM":"Bermudoj","BN":"Brunejo","BO":"Bolivio","BR":"Brazilo","BS":"Bahamoj","BT":"Butano","BW":"Bocvano","BY":"Belorusujo","BZ":"Belizo","CA":"Kanado","CF":"Centr-Afrika Respubliko","CG":"Kongolo","CH":"Svisujo","CI":"Ebur-Bordo","CK":"Kukinsuloj","CL":"\u0108ilio","CM":"Kameruno","CN":"\u0108inujo","CO":"Kolombio","CR":"Kostariko","CS":"Serbujo","CU":"Kubo","CV":"Kabo-Verdo","CY":"Kipro","CZ":"\u0108e\u0125ujo","DE":"Germanujo","DJ":"\u011cibutio","DK":"Danujo","DM":"Dominiko","DO":"Domingo","DZ":"Al\u011derio","EC":"Ekvadoro","EE":"Estonujo","EG":"Egipto","EH":"Okcidenta Saharo","ER":"Eritreo","ES":"Hispanujo","ET":"Etiopujo","FI":"Finnlando","FJ":"Fi\u011doj","FM":"Mikronezio","FO":"Ferooj","FR":"Francujo","GA":"Gabono","GB":"Unui\u011dinta Re\u011dlando","GD":"Grenado","GE":"Kartvelujo","GF":"Franca Gviano","GH":"Ganao","GI":"\u011cibraltaro","GL":"Gronlando","GM":"Gambio","GN":"Gvineo","GP":"Gvadelupo","GQ":"Ekvatora Gvineo","GR":"Grekujo","GS":"Sud-Georgio kaj Sud-Sandvi\u0109insuloj","GT":"Gvatemalo","GU":"Gvamo","GW":"Gvineo-Bisa\u016do","GY":"Gujano","HM":"Herda kaj Makdonaldaj Insuloj","HN":"Honduro","HR":"Kroatujo","HT":"Haitio","HU":"Hungarujo","ID":"Indonezio","IE":"Irlando","IL":"Israelo","IN":"Hindujo","IO":"Brita Hindoceana Teritorio","IQ":"Irako","IR":"Irano","IS":"Islando","IT":"Italujo","JM":"Jamajko","JO":"Jordanio","JP":"Japanujo","KE":"Kenjo","KG":"Kirgizistano","KH":"Kambo\u011do","KI":"Kiribato","KM":"Komoroj","KN":"Sent-Kristofo kaj Neviso","KP":"Nord-Koreo","KR":"Sud-Koreo","KW":"Kuvajto","KY":"Kejmanoj","KZ":"Kaza\u0125stano","LA":"Laoso","LB":"Libano","LC":"Sent-Lucio","LI":"Li\u0125ten\u015dtejno","LK":"Sri-Lanko","LR":"Liberio","LS":"Lesoto","LT":"Litovujo","LU":"Luksemburgo","LV":"Latvujo","LY":"Libio","MA":"Maroko","MC":"Monako","MD":"Moldavujo","MG":"Madagaskaro","MH":"Mar\u015daloj","MK":"Makedonujo","ML":"Malio","MM":"Mjanmao","MN":"Mongolujo","MP":"Nord-Marianoj","MQ":"Martiniko","MR":"Ma\u016dritanujo","MT":"Malto","MU":"Ma\u016dricio","MV":"Maldivoj","MW":"Malavio","MX":"Meksiko","MY":"Malajzio","MZ":"Mozambiko","NA":"Namibio","NC":"Nov-Kaledonio","NE":"Ni\u011dero","NF":"Norfolkinsulo","NG":"Ni\u011derio","NI":"Nikaragvo","NL":"Nederlando","NO":"Norvegujo","NP":"Nepalo","NR":"Nauro","NU":"Niuo","NZ":"Nov-Zelando","OM":"Omano","PA":"Panamo","PE":"Peruo","PF":"Franca Polinezio","PG":"Papuo-Nov-Gvineo","PH":"Filipinoj","PK":"Pakistano","PL":"Pollando","PM":"Sent-Piero kaj Mikelono","PN":"Pitkarna Insulo","PR":"Puerto-Riko","PT":"Portugalujo","PW":"Bela\u016do","PY":"Paragvajo","QA":"Kataro","RE":"Reunio","RO":"Rumanujo","RU":"Rusujo","RW":"Ruando","SA":"Sa\u016dda Arabujo","SB":"Salomonoj","SC":"Sej\u015deloj","SD":"Sudano","SE":"Svedujo","SG":"Singapuro","SH":"Sent-Heleno","SI":"Slovenujo","SJ":"Svalbardo kaj Jan-Majen-insulo","SK":"Slovakujo","SL":"Siera-Leono","SM":"San-Marino","SN":"Senegalo","SO":"Somalujo","SR":"Surinamo","ST":"Sao-Tomeo kaj Principeo","SV":"Salvadoro","SY":"Sirio","SZ":"Svazilando","TD":"\u0108ado","TG":"Togolo","TH":"Tajlando","TJ":"Ta\u011dikujo","TM":"Turkmenujo","TN":"Tunizio","TO":"Tongo","TR":"Turkujo","TT":"Trinidado kaj Tobago","TV":"Tuvalo","TW":"Tajvano","TZ":"Tanzanio","UA":"Ukrajno","UG":"Ugando","UM":"Usonaj malgrandaj insuloj","US":"Usono","UY":"Urugvajo","UZ":"Uzbekujo","VA":"Vatikano","VC":"Sent-Vincento kaj la Grenadinoj","VE":"Venezuelo","VG":"Britaj Virgulininsuloj","VI":"Usonaj Virgulininsuloj","VN":"Vjetnamo","VU":"Vanuatuo","WF":"Valiso kaj Futuno","WS":"Samoo","YE":"Jemeno","YT":"Majoto","ZA":"Sud-Afriko","ZM":"Zambio","ZW":"Zimbabvo"}